sex_ratio, state_code, percentage_person_aged_15_64, persons_num, percentage_person_aged_0_14, females_num, lga_name19, percentage_person_aged_65_plus, lga_code19, median_age, state_name, males_num
94.1,1,62.5,54353,19.4,28005,"Albury (C)",18.1,"10050",38.6,"New South Wales",26348
95.0,1,65.4,30779,17.6,15784,"Armidale Regional (A)",17.0,"10130",35.9,"New South Wales",14995
93.4,1,57.5,44628,16.8,23079,"Ballina (A)",25.6,"10250",47.6,"New South Wales",21549
104.2,1,61.6,2338,20.5,1145,"Balranald (A)",17.9,"10300",40.2,"New South Wales",1193
101.4,1,64.2,43618,19.5,21657,"Bathurst Regional (A)",16.3,"10470",36.7,"New South Wales",21961
101.2,1,70.4,178396,15.5,88675,"Bayside (A)",14.1,"10500",35.1,"New South Wales",89721
96.6,1,57.0,34476,16.1,17539,"Bega Valley (A)",26.8,"10550",51.2,"New South Wales",16937
95.3,1,57.7,12996,17.7,6653,"Bellingen (A)",24.6,"10600",49.1,"New South Wales",6343
101.1,1,53.7,8750,16.5,4352,"Berrigan (A)",29.8,"10650",49.4,"New South Wales",4398
100.4,1,66.7,374451,22.8,186822,"Blacktown (C)",10.5,"10750",33.8,"New South Wales",187629
102.7,1,57.8,5972,20.1,2946,"Bland (A)",22.1,"10800",43.4,"New South Wales",3026
99.8,1,60.3,7379,20.5,3694,"Blayney (A)",19.2,"10850",42.8,"New South Wales",3685
94.9,1,61.3,79118,18.1,40592,"Blue Mountains (C)",20.6,"10900",44.0,"New South Wales",38526
101.6,1,59.8,2580,21.1,1280,"Bogan (A)",19.1,"10950",40.5,"New South Wales",1300
91.6,1,61.0,2590,25.5,1352,"Bourke (A)",13.5,"11150",35.8,"New South Wales",1238
113.7,1,65.4,1611,23.6,754,"Brewarrina (A)",11.0,"11200",32.7,"New South Wales",857
94.9,1,60.2,17479,16.9,8967,"Broken Hill (C)",22.9,"11250",45.0,"New South Wales",8512
97.7,1,64.3,152059,19.6,76918,"Hornsby (A)",16.1,"14000",39.8,"New South Wales",75141
103.2,1,61.0,14980,18.6,7371,"Hunters Hill (A)",20.4,"14100",42.1,"New South Wales",7609
97.1,1,72.9,200811,14.7,101864,"Inner West (A)",12.4,"14170",36.2,"New South Wales",98947
97.3,1,58.3,16890,20.3,8562,"Inverell (A)",21.3,"14200",42.2,"New South Wales",8328
133.1,1,66.3,6683,17.4,2867,"Junee (A)",16.3,"14300",39.1,"New South Wales",3816
103.8,1,57.7,29745,17.8,14597,"Kempsey (A)",24.5,"14350",47.4,"New South Wales",15148
97.0,1,58.4,23386,17.2,11869,"Kiama (A)",24.4,"14400",46.4,"New South Wales",11517
92.8,1,62.1,127153,19.9,65941,"Ku-ring-gai (A)",18.0,"14500",41.1,"New South Wales",61212
106.3,1,58.0,8796,17.2,4263,"Kyogle (A)",24.9,"14550",51.4,"New South Wales",4533
99.8,1,56.4,6075,23.2,3040,"Lachlan (A)",20.5,"14600",39.1,"New South Wales",3035
95.5,1,60.6,205901,18.9,105331,"Lake Macquarie (C)",20.6,"14650",41.8,"New South Wales",100570
98.4,1,68.2,40155,18.4,20239,"Lane Cove (A)",13.5,"14700",36.5,"New South Wales",19916
99.7,1,61.1,11445,21.2,5732,"Leeton (A)",17.8,"14750",38.5,"New South Wales",5713
96.4,1,62.8,43692,17.9,22246,"Lismore (C)",19.3,"14850",43.5,"New South Wales",21446
104.7,1,59.5,21605,17.3,10557,"Lithgow (C)",23.1,"14870",45.5,"New South Wales",11048
99.4,1,66.7,227585,22.5,114118,"Liverpool (C)",10.8,"14900",33.7,"New South Wales",113467
100.5,1,57.8,7903,19.1,3941,"Liverpool Plains (A)",23.2,"14920",45.7,"New South Wales",3962
99.3,1,56.3,3285,21.3,1648,"Lockhart (A)",22.3,"14950",44.5,"New South Wales",1637
96.0,1,63.9,85166,21.7,43460,"Maitland (C)",14.4,"15050",35.7,"New South Wales",41706
96.3,1,53.4,93836,15.6,47800,"Mid-Coast (A)",31.0,"15240",52.6,"New South Wales",46036
100.9,1,59.5,25251,20.9,12571,"Mid-Western Regional (A)",19.6,"15270",41.6,"New South Wales",12680
99.3,1,61.9,13261,23.0,6653,"Moree Plains (A)",15.1,"15300",37.1,"New South Wales",6608
86.6,1,63.0,30981,17.4,16604,"Mosman (A)",19.7,"15350",42.3,"New South Wales",14377
98.6,1,54.9,12118,18.2,6102,"Murray River (A)",26.8,"15520",48.4,"New South Wales",6016
110.5,1,61.5,3917,20.5,1861,"Murrumbidgee (A)",18.0,"15560",40.1,"New South Wales",2056
106.3,1,64.0,16377,22.6,7940,"Muswellbrook (A)",13.3,"15650",36.2,"New South Wales",8437
96.0,1,55.0,19805,16.8,10105,"Nambucca (A)",28.2,"15700",51.6,"New South Wales",9700
100.7,1,59.7,13135,22.2,6544,"Narrabri (A)",18.1,"15750",39.8,"New South Wales",6591
101.3,1,57.1,5899,21.2,2931,"Narrandera (A)",21.7,"15800",43.9,"New South Wales",2968
98.7,1,57.0,6517,21.9,3279,"Narromine (A)",21.1,"15850",40.7,"New South Wales",3238
99.2,1,67.7,165571,17.0,83123,"Newcastle (C)",15.3,"15900",36.3,"New South Wales",82448
92.2,1,72.0,75021,12.9,39033,"North Sydney (A)",15.0,"15950",37.4,"New South Wales",35988
96.8,1,64.2,273499,19.1,138942,"Northern Beaches (A)",16.7,"15990",40.0,"New South Wales",134557
108.1,1,60.2,5411,17.4,2600,"Oberon (A)",22.5,"16100",45.4,"New South Wales",2811
94.0,1,61.5,42451,21.9,21878,"Orange (C)",16.6,"16150",36.6,"New South Wales",20573
98.4,1,59.5,14837,20.6,7479,"Parkes (A)",19.9,"16200",40.2,"New South Wales",7358
102.4,1,69.2,257197,18.6,127090,"Parramatta (C)",12.3,"16260",34.9,"New South Wales",130107
98.8,1,66.7,212977,21.4,107140,"Penrith (C)",11.9,"16350",34.3,"New South Wales",105837
93.8,1,55.2,84525,17.0,43620,"Port Macquarie-Hastings (A)",27.7,"16380",48.3,"New South Wales",40905
98.4,1,58.0,73481,17.9,37039,"Port Stephens (A)",24.0,"16400",45.6,"New South Wales",36442
102.1,1,67.2,61100,20.1,30231,"Queanbeyan-Palerang Regional (A)",12.8,"16490",38.2,"New South Wales",30869
99.0,1,72.5,155649,14.3,78234,"Randwick (C)",13.2,"16550",33.7,"New South Wales",77415
97.0,1,73.6,40612,12.2,20613,"Burwood (A)",14.2,"11300",32.8,"New South Wales",19999
93.3,1,64.5,35081,17.2,18149,"Byron (A)",18.3,"11350",43.8,"New South Wales",16932
99.6,1,58.5,13634,21.0,6832,"Cabonne (A)",20.5,"11400",43.5,"New South Wales",6802
97.0,1,66.0,101437,24.5,51498,"Camden (A)",9.4,"11450",32.4,"New South Wales",49939
97.7,1,65.7,170943,21.9,86478,"Campbelltown (C) (NSW)",12.3,"11500",34.4,"New South Wales",84465
94.3,1,69.0,96074,16.0,49450,"Canada Bay (A)",15.1,"11520",36.7,"New South Wales",46624
101.1,1,65.8,377917,20.2,187930,"Canterbury-Bankstown (A)",14.0,"11570",35.0,"New South Wales",189987
105.8,1,64.0,2799,21.6,1360,"Carrathool (A)",14.4,"11600",38.9,"New South Wales",1439
95.8,1,60.6,343968,18.7,175685,"Central Coast (C) (NSW)",20.7,"11650",41.9,"New South Wales",168283
116.4,1,62.8,1839,21.1,850,"Central Darling (A)",16.1,"11700",37.2,"New South Wales",989
101.2,1,62.8,59985,21.0,29814,"Cessnock (C)",16.2,"11720",37.0,"New South Wales",30171
100.5,1,56.6,51662,16.9,25771,"Clarence Valley (A)",26.6,"11730",49.2,"New South Wales",25891
110.5,1,63.6,4658,22.3,2213,"Cobar (A)",14.1,"11750",36.7,"New South Wales",2445
94.2,1,59.6,77277,18.9,39801,"Coffs Harbour (C)",21.5,"11800",43.2,"New South Wales",37476
98.7,1,56.8,4341,19.9,2185,"Coolamon (A)",23.3,"12000",44.5,"New South Wales",2156
103.8,1,59.3,3958,22.3,1942,"Coonamble (A)",18.4,"12150",40.8,"New South Wales",2016
101.9,1,55.6,11235,18.2,5565,"Cootamundra-Gundagai Regional (A)",26.1,"12160",47.1,"New South Wales",5670
100.0,1,57.3,12743,17.9,6370,"Cowra (A)",24.8,"12350",46.4,"New South Wales",6373
108.8,1,68.4,241521,20.3,115696,"Cumberland (A)",11.4,"12380",32.9,"New South Wales",125825
98.0,1,62.2,53719,21.5,27131,"Dubbo Regional (A)",16.3,"12390",36.4,"New South Wales",26588
100.6,1,59.9,9423,19.1,4697,"Dungog (A)",21.0,"12700",44.7,"New South Wales",4726
98.2,1,59.1,9084,18.3,4584,"Edward River (A)",22.6,"12730",44.7,"New South Wales",4500
96.1,1,54.1,38473,14.5,19622,"Eurobodalla (A)",31.4,"12750",54.4,"New South Wales",18851
99.0,1,66.6,211695,18.7,106395,"Fairfield (C)",14.7,"12850",36.5,"New South Wales",105300
98.0,1,54.2,12437,17.0,6281,"Federation (A)",28.8,"12870",50.4,"New South Wales",6156
101.5,1,57.5,9906,20.6,4915,"Forbes (A)",21.9,"12900",40.7,"New South Wales",4991
98.2,1,68.6,159471,16.1,80460,"Georges River (A)",15.3,"12930",36.1,"New South Wales",79011
99.3,1,55.9,4239,21.1,2127,"Gilgandra (A)",23.1,"12950",44.1,"New South Wales",2112
99.6,1,57.1,8871,17.0,4445,"Glen Innes Severn (A)",25.9,"13010",47.8,"New South Wales",4426
103.7,1,61.7,31132,18.4,15287,"Goulburn Mulwaree (A)",19.9,"13310",41.5,"New South Wales",15845
104.1,1,57.7,10764,21.4,5274,"Greater Hume Shire (A)",20.9,"13340",44.1,"New South Wales",5490
99.2,1,63.4,27029,20.4,13566,"Griffith (C)",16.2,"13450",36.4,"New South Wales",13463
102.2,1,60.4,12681,21.5,6270,"Gunnedah (A)",18.1,"13550",38.3,"New South Wales",6411
99.9,1,55.1,5353,19.5,2678,"Gwydir (A)",25.4,"13660",47.8,"New South Wales",2675
99.1,1,65.5,67296,19.7,33806,"Hawkesbury (C)",14.8,"13800",37.5,"New South Wales",33490
98.7,1,60.9,2949,17.9,1484,"Hay (A)",21.3,"13850",45.5,"New South Wales",1465
96.1,1,57.1,18704,20.0,9538,"Hilltops (A)",22.9,"13910",44.3,"New South Wales",9166
97.2,1,57.3,23465,19.3,11899,"Richmond Valley (A)",23.4,"16610",45.0,"New South Wales",11566
96.0,1,69.9,131271,16.1,66965,"Ryde (C)",14.0,"16700",35.3,"New South Wales",64306
96.8,1,63.3,73233,19.8,37208,"Shellharbour (C)",16.9,"16900",38.5,"New South Wales",36025
98.7,1,56.5,105648,17.0,53181,"Shoalhaven (C)",26.5,"16950",47.5,"New South Wales",52467
100.0,1,64.3,23461,21.9,11730,"Singleton (A)",13.8,"17000",37.5,"New South Wales",11731
108.3,1,63.2,20795,17.2,9981,"Snowy Monaro Regional (A)",19.6,"17040",43.8,"New South Wales",10814
101.7,1,58.8,14479,19.0,7180,"Snowy Valleys (A)",22.2,"17080",44.7,"New South Wales",7299
98.4,1,65.2,177969,21.2,89684,"The Hills Shire (A)",13.6,"17420",37.7,"New South Wales",88285
94.3,1,57.5,97001,17.3,49926,"Tweed (A)",25.2,"17550",46.9,"New South Wales",47075
100.0,1,60.7,14180,20.3,7089,"Upper Hunter Shire (A)",19.0,"17620",41.3,"New South Wales",7091
102.6,1,58.3,8059,18.1,3977,"Upper Lachlan Shire (A)",23.7,"17640",47.7,"New South Wales",4082
93.6,1,59.4,6012,18.6,3105,"Uralla (A)",22.0,"17650",46.8,"New South Wales",2907
95.5,1,63.9,65258,20.6,33382,"Wagga Wagga (C)",15.5,"17750",35.1,"New South Wales",31876
103.8,1,54.7,3134,17.5,1538,"Walcha (A)",27.8,"17850",48.7,"New South Wales",1596
116.0,1,58.5,5953,21.2,2756,"Walgett (A)",20.3,"17900",43.9,"New South Wales",3197
95.6,1,57.3,2697,21.6,1379,"Warren (A)",21.1,"17950",41.9,"New South Wales",1318
102.7,1,54.7,9278,18.5,4577,"Warrumbungle Shire (A)",26.8,"18020",48.9,"New South Wales",4701
96.7,1,71.2,74295,15.9,37771,"Waverley (A)",12.9,"18050",35.2,"New South Wales",36524
102.5,1,54.5,3613,16.1,1784,"Weddin (A)",29.4,"18100",51.7,"New South Wales",1829
108.4,1,58.2,7053,20.2,3385,"Wentworth (A)",21.6,"18200",45.2,"New South Wales",3668
94.6,1,66.9,81189,19.2,41723,"Willoughby (C)",13.9,"18250",37.1,"New South Wales",39466
92.2,1,56.8,51134,17.5,26607,"Wingecarribee (A)",25.7,"18350",46.8,"New South Wales",24527
100.8,1,64.1,53149,21.9,26475,"Wollondilly (A)",14.0,"18400",36.6,"New South Wales",26674
98.8,1,65.0,218114,17.8,109734,"Wollongong (C)",17.2,"18450",37.8,"New South Wales",108380
88.0,1,66.1,59387,15.3,31585,"Woollahra (A)",18.6,"18500",38.8,"New South Wales",27802
97.6,1,61.5,17087,21.0,8647,"Yass Valley (A)",17.5,"18710",42.6,"New South Wales",8440
112.9,1,61.9,1026,21.9,482,"Unincorporated NSW",16.2,"19399",39.8,"New South Wales",544
98.7,2,59.5,12814,16.2,6449,"Alpine (S)",24.3,"20110",48.4,"Victoria",6365
115.4,2,60.7,11845,16.0,5499,"Ararat (RC)",23.2,"20260",46.5,"Victoria",6346
94.1,2,63.5,109505,19.3,56410,"Ballarat (C)",17.2,"20570",37.4,"Victoria",53095
96.0,2,64.2,131631,18.3,67166,"Banyule (C)",17.5,"20660",39.2,"Victoria",64465
96.0,2,55.9,36320,16.5,18529,"Bass Coast (S)",27.6,"20740",49.7,"Victoria",17791
95.3,2,60.5,53396,19.7,27335,"Baw Baw (S)",19.8,"20830",41.0,"Victoria",26061
91.6,2,62.4,106862,18.4,55777,"Bayside (C)",19.2,"20910",43.8,"Victoria",51085
95.5,2,57.2,14037,15.8,7180,"Benalla (RC)",27.0,"21010",49.7,"Victoria",6857
93.7,2,67.4,183199,16.5,94588,"Boroondara (C)",16.1,"21110",37.5,"Victoria",88611
103.2,2,67.4,209523,18.2,103130,"Brimbank (C)",14.4,"21180",35.7,"Victoria",106393
106.6,2,55.9,6124,16.3,2964,"Buloke (S)",27.7,"21270",51.2,"Victoria",3160
99.0,2,58.9,37622,17.8,18903,"Campaspe (S)",23.3,"21370",45.6,"Victoria",18719
98.2,2,65.1,112159,23.2,56575,"Cardinia (S)",11.7,"21450",33.8,"Victoria",55584
101.0,2,66.9,353872,22.8,176093,"Casey (C)",10.3,"21610",33.6,"Victoria",177779
98.1,2,55.2,13186,15.7,6656,"Central Goldfields (S)",29.0,"21670",50.6,"Victoria",6530
101.4,2,59.5,21564,17.9,10709,"Colac-Otway (S)",22.6,"21750",45.1,"Victoria",10855
102.7,2,58.6,16020,18.0,7902,"Corangamite (S)",23.4,"21830",46.8,"Victoria",8118
95.4,2,70.9,164184,15.3,84031,"Darebin (C)",13.7,"21890",35.7,"Victoria",80153
97.7,2,54.6,47316,16.3,23931,"East Gippsland (S)",29.1,"22110",50.6,"Victoria",23385
96.6,2,65.3,142643,18.8,72568,"Frankston (C)",15.9,"22170",38.5,"Victoria",70075
102.0,2,55.0,10472,16.4,5185,"Gannawarra (S)",28.6,"22250",50.2,"Victoria",5287
100.6,2,61.8,66498,20.3,33146,"Greater Shepparton (C)",17.9,"22830",38.8,"Victoria",33352
95.3,2,58.1,15975,15.7,8179,"Hepburn (S)",26.2,"22910",50.5,"Victoria",7796
100.8,2,56.8,5588,15.5,2783,"Hindmarsh (S)",27.7,"22980",50.3,"Victoria",2805
98.1,2,66.3,97751,18.6,49354,"Hobsons Bay (C)",15.2,"23110",38.4,"Victoria",48397
96.3,2,60.1,19921,19.6,10148,"Horsham (RC)",20.3,"23190",41.1,"Victoria",9773
100.5,2,67.0,233471,22.6,116441,"Hume (C)",10.4,"23270",33.1,"Victoria",117030
98.8,2,60.7,16701,17.8,8401,"Indigo (S)",21.5,"23350",46.7,"Victoria",8300
96.4,2,65.4,165782,17.6,84431,"Kingston (C) (Vic.)",17.0,"23430",39.7,"Victoria",81351
96.8,2,66.4,164538,17.6,83609,"Knox (C)",16.0,"23670",38.8,"Victoria",80929
97.3,2,62.9,75561,18.2,38295,"Latrobe (C) (Vic.)",18.9,"23810",40.5,"Victoria",37266
107.6,2,56.2,7504,15.5,3614,"Loddon (S)",28.3,"23940",52.7,"Victoria",3890
99.9,2,61.9,50231,21.1,25127,"Macedon Ranges (S)",17.0,"24130",41.9,"Victoria",25104
95.1,2,62.9,127573,16.5,65397,"Manningham (C)",20.6,"24210",41.8,"Victoria",62176
101.8,2,57.5,9176,17.5,4547,"Mansfield (S)",24.9,"24250",47.7,"Victoria",4629
103.8,2,74.7,93448,15.5,45852,"Maribyrnong (C)",9.8,"24330",34.0,"Victoria",47596
95.5,2,65.2,118558,18.7,60629,"Maroondah (C)",16.1,"24410",38.2,"Victoria",57929
97.2,2,87.2,178955,6.0,90743,"Melbourne (C)",6.8,"24600",28.5,"Victoria",88212
100.1,2,66.7,164895,24.4,82406,"Melton (C)",8.8,"24650",32.8,"Victoria",82489
98.8,2,62.3,55777,19.2,28062,"Mildura (RC)",18.4,"24780",38.9,"Victoria",27715
101.6,2,64.9,46082,21.0,22863,"Mitchell (S)",14.1,"24850",36.6,"Victoria",23219
100.3,2,57.3,29925,17.3,14943,"Moira (S)",25.4,"24900",47.2,"Victoria",14982
99.2,2,68.3,202847,15.4,101850,"Monash (C)",16.3,"24970",35.1,"Victoria",100997
94.9,2,67.6,130294,16.5,66852,"Moonee Valley (C)",15.9,"25060",37.7,"Victoria",63442
98.7,2,63.6,35049,20.4,17641,"Moorabool (S)",16.1,"25150",39.6,"Victoria",17408
97.6,2,71.4,185767,15.9,94007,"Moreland (C)",12.7,"25250",34.6,"Victoria",91760
94.6,2,57.9,167636,17.2,86140,"Mornington Peninsula (S)",24.9,"25340",46.3,"Victoria",81496
100.5,2,59.3,19754,15.0,9851,"Mount Alexander (S)",25.7,"25430",49.7,"Victoria",9903
101.1,2,59.9,16953,20.4,8431,"Moyne (S)",19.7,"25490",43.5,"Victoria",8522
104.4,2,60.5,14570,16.0,7128,"Murrindindi (S)",23.5,"25620",48.1,"Victoria",7442
98.7,2,66.2,65094,19.4,32765,"Nillumbik (S)",14.5,"25710",41.0,"Victoria",32329
96.6,2,58.8,11402,15.4,5801,"Northern Grampians (S)",25.8,"25810",48.9,"Victoria",5601
96.6,2,76.2,115601,11.6,58795,"Port Phillip (C)",12.2,"25900",36.3,"Victoria",56806
117.7,2,58.1,7472,15.7,3433,"Pyrenees (S)",26.2,"25990",50.7,"Victoria",4039
93.8,2,46.6,2940,11.2,1517,"Queenscliffe (B)",42.1,"26080",61.2,"Victoria",1423
97.7,2,57.5,29914,18.2,15128,"South Gippsland (S)",24.3,"26170",47.4,"Victoria",14786
97.0,1,54.0,6594,15.8,3347,"Tenterfield (A)",30.2,"17400",54.4,"New South Wales",3247
96.1,2,63.5,258934,18.2,132019,"Greater Geelong (C)",18.3,"22750",38.8,"Victoria",126915
96.0,2,58.3,16100,17.5,8213,"Southern Grampians (S)",24.2,"26260",46.6,"Victoria",7887
92.5,2,73.1,117768,11.8,61166,"Stonnington (C)",15.1,"26350",34.6,"Victoria",56602
100.8,2,56.4,10781,14.9,5370,"Strathbogie (S)",28.7,"26430",52.0,"Victoria",5411
100.1,2,61.4,33456,20.5,16718,"Surf Coast (S)",18.1,"26490",41.7,"Victoria",16738
104.3,2,61.3,20649,19.4,10106,"Swan Hill (RC)",19.3,"26610",39.9,"Victoria",10543
109.7,2,57.1,6040,16.1,2880,"Towong (S)",26.8,"26670",51.1,"Victoria",3160
95.4,2,58.8,29187,18.4,14940,"Wangaratta (RC)",22.8,"26700",45.0,"Victoria",14247
95.5,2,62.9,35181,18.0,17993,"Warrnambool (C)",19.2,"26730",39.9,"Victoria",17188
105.9,2,61.4,44380,17.8,21554,"Wellington (S)",20.8,"26810",43.4,"Victoria",22826
104.7,2,57.9,3841,17.3,1876,"West Wimmera (S)",24.8,"26890",48.8,"Victoria",1965
96.5,2,67.2,178739,16.3,90951,"Whitehorse (C)",16.5,"26980",36.7,"Victoria",87788
99.5,2,66.8,230238,21.4,115385,"Whittlesea (C)",11.7,"27070",34.3,"Victoria",114853
96.4,2,63.8,42083,20.9,21426,"Wodonga (C)",15.3,"27170",35.9,"Victoria",20657
102.2,2,66.7,270487,25.6,133752,"Wyndham (C)",7.6,"27260",32.5,"Victoria",136735
97.7,2,78.5,101495,10.8,51349,"Yarra (C)",10.7,"27350",33.7,"Victoria",50146
98.6,2,64.8,159462,19.0,80276,"Yarra Ranges (S)",16.2,"27450",39.4,"Victoria",79186
107.1,2,55.7,6639,16.9,3206,"Yarriambiack (S)",27.4,"27630",50.9,"Victoria",3433
131.2,2,72.6,881,12.8,381,"Unincorporated Vic",14.5,"29399",34.2,"Victoria",500
92.4,3,67.8,1418,28.4,737,"Aurukun (S)",3.8,"30250",28.3,"Queensland",681
107.1,3,61.1,4360,22.8,2105,"Balonne (S)",16.2,"30300",38.6,"Queensland",2255
106.1,3,62.5,14156,22.3,6868,"Banana (S)",15.2,"30370",38.1,"Queensland",7288
107.2,3,59.8,2849,20.9,1375,"Barcaldine (R)",19.3,"30410",42.1,"Queensland",1474
123.5,3,67.3,266,13.5,119,"Barcoo (S)",19.2,"30450",49.0,"Queensland",147
97.0,3,56.7,1868,21.0,948,"Blackall-Tambo (R)",22.3,"30760",45.3,"Queensland",920
98.5,3,62.9,800,30.0,403,"Lockhart River (S)",7.1,"34570",26.7,"Queensland",397
101.0,3,63.9,41731,19.2,20764,"Lockyer Valley (R)",16.9,"34580",38.1,"Queensland",20967
98.4,3,64.6,334358,23.0,168542,"Logan (C)",12.4,"34590",34.1,"Queensland",165816
93.3,3,64.8,3470,17.7,1795,"Longreach (R)",17.5,"34710",40.2,"Queensland",1675
105.0,3,61.2,34585,22.4,16868,"Western Downs (R)",16.4,"37310",37.7,"Queensland",17717
107.3,3,66.3,35357,17.9,17057,"Whitsunday (R)",15.7,"37340",38.7,"Queensland",18300
105.8,1,73.3,46926,14.7,22806,"Strathfield (A)",12.0,"17100",32.4,"New South Wales",24120
97.0,1,63.9,230611,18.9,117071,"Sutherland Shire (A)",17.2,"17150",39.8,"New South Wales",113540
107.7,1,84.3,246343,7.0,118590,"Sydney (C)",8.7,"17200",32.0,"New South Wales",127753
96.4,1,60.7,62541,20.6,31837,"Tamworth Regional (A)",18.7,"17310",38.7,"New South Wales",30704
99.2,1,56.1,6307,19.2,3166,"Temora (A)",24.7,"17350",46.2,"New South Wales",3141
95.3,2,67.5,156511,17.7,80138,"Glen Eira (C)",14.8,"22310",36.4,"Victoria",76373
99.8,2,60.4,19674,15.8,9845,"Glenelg (S)",23.7,"22410",48.4,"Victoria",9829
104.0,2,63.6,23722,22.2,11629,"Golden Plains (S)",14.2,"22490",39.1,"Victoria",12093
95.5,2,62.8,118093,19.4,60407,"Greater Bendigo (C)",17.8,"22620",38.4,"Victoria",57686
106.0,2,67.5,168201,17.9,81639,"Greater Dandenong (C)",14.6,"22670",34.9,"Victoria",86562
118.1,3,66.5,325,16.3,149,"Bulloo (S)",17.2,"31750",44.3,"Queensland",176
98.5,3,60.0,11739,20.1,5913,"Charters Towers (R)",20.0,"32310",41.1,"Queensland",5826
96.1,3,62.7,810,22.6,413,"Richmond (S)",14.7,"36300",36.9,"Queensland",397
116.1,3,68.4,4333,26.6,2005,"Weipa (T)",5.0,"37300",33.2,"Queensland",2328
135.0,3,67.1,423,20.6,180,"Boulia (S)",12.3,"30900",35.9,"Queensland",243
97.4,3,69.8,1253982,17.6,635354,"Brisbane (C)",12.6,"31000",34.9,"Queensland",618628
97.5,3,58.4,95856,17.5,48541,"Bundaberg (R)",24.1,"31820",45.6,"Queensland",47315
103.7,3,60.0,16971,17.2,8330,"Burdekin (S)",22.8,"31900",45.4,"Queensland",8641
140.8,3,68.6,354,18.4,147,"Burke (S)",13.0,"31950",37.7,"Queensland",207
97.3,3,66.1,166862,20.3,84575,"Cairns (R)",13.6,"32080",37.7,"Queensland",82287
108.1,3,64.9,1977,21.8,950,"Carpentaria (S)",13.3,"32250",37.4,"Queensland",1027
105.3,3,60.6,29794,18.3,14513,"Cassowary Coast (R)",21.1,"32260",44.5,"Queensland",15281
110.7,3,65.9,28701,25.3,13619,"Central Highlands (R) (Qld)",8.8,"32270",34.1,"Queensland",15082
110.6,3,58.9,1331,36.8,632,"Cherbourg (S)",4.3,"32330",21.5,"Queensland",699
134.9,3,70.2,3047,20.0,1297,"Cloncurry (S)",9.8,"32450",36.4,"Queensland",1750
112.8,3,62.7,4549,20.0,2138,"Cook (S)",17.3,"32500",41.0,"Queensland",2411
105.8,3,62.7,284,23.9,138,"Croydon (S)",13.4,"32600",39.4,"Queensland",146
102.0,3,65.0,116763,21.0,57798,"Mackay (R)",14.0,"34770",37.9,"Queensland",58965
135.7,3,64.5,818,21.0,347,"McKinlay (S)",14.4,"34800",39.7,"Queensland",471
87.1,3,66.7,333,24.3,178,"Mapoon (S)",9.0,"34830",29.3,"Queensland",155
104.4,3,62.4,12665,22.2,6196,"Maranoa (R)",15.3,"34860",36.9,"Queensland",6469
109.7,3,62.5,22730,17.7,10841,"Mareeba (S)",19.8,"34880",43.1,"Queensland",11889
96.7,3,63.9,81512,20.9,41431,"Rockhampton (R)",15.2,"36370",35.8,"Queensland",40081
98.7,3,60.4,43123,18.8,21706,"Scenic Rim (R)",20.9,"36510",44.7,"Queensland",21417
102.4,3,59.8,26219,20.0,12953,"Somerset (R)",20.2,"36580",43.0,"Queensland",13266
100.6,3,57.2,32521,18.8,16211,"South Burnett (R)",24.0,"36630",46.0,"Queensland",16310
97.8,3,57.3,35452,18.3,17927,"Southern Downs (R)",24.4,"36660",46.0,"Queensland",17525
93.5,3,61.4,328428,18.2,169690,"Sunshine Coast (R)",20.4,"36720",42.7,"Queensland",158738
95.5,3,57.2,25575,18.0,13084,"Tablelands (R)",24.8,"36820",47.8,"Queensland",12491
95.3,3,61.6,169008,20.2,86531,"Toowoomba (R)",18.1,"36910",38.1,"Queensland",82477
98.1,3,67.6,3887,25.9,1962,"Torres (S)",6.6,"36950",29.8,"Queensland",1925
104.7,3,61.0,5104,32.7,2493,"Torres Strait Island (R)",6.4,"36960",26.2,"Queensland",2611
100.5,3,67.3,195032,19.9,97273,"Townsville (C)",12.8,"37010",34.6,"Queensland",97759
101.2,3,63.2,845,31.2,420,"Pormpuraaw (S)",5.6,"36070",30.1,"Queensland",425
109.1,3,63.0,778,25.2,372,"Quilpie (S)",11.8,"36150",39.4,"Queensland",406
96.6,3,62.7,158815,18.8,80788,"Redland (C)",18.4,"36250",41.4,"Queensland",78027
117.2,3,74.6,291,13.4,134,"Diamantina (S)",12.0,"32750",34.5,"Queensland",157
97.1,3,63.0,469465,20.8,238222,"Moreton Bay (R)",16.2,"35010",38.0,"Queensland",231243
91.9,3,66.3,1230,28.9,641,"Mornington (S)",4.8,"35250",28.1,"Queensland",589
107.3,3,67.6,18595,24.5,8969,"Mount Isa (C)",7.9,"35300",31.5,"Queensland",9626
95.9,3,62.3,4295,21.5,2193,"Murweh (S)",16.2,"35600",38.0,"Queensland",2102
113.3,3,63.3,1077,32.4,505,"Napranum (S)",4.3,"35670",25.1,"Queensland",572
94.2,3,58.6,55873,15.8,28774,"Noosa (S)",25.6,"35740",49.0,"Queensland",27099
106.8,3,58.3,10599,17.1,5125,"North Burnett (R)",24.5,"35760",46.7,"Queensland",5474
95.7,3,59.6,3163,36.2,1616,"Northern Peninsula Area (R)",4.2,"35780",23.4,"Queensland",1547
100.8,3,64.1,2671,31.6,1330,"Palm Island (S)",4.3,"35790",26.2,"Queensland",1341
98.7,3,61.3,1562,19.7,786,"Paroo (S)",19.0,"35800",43.0,"Queensland",776
106.8,3,58.3,1526,39.6,738,"Doomadgee (S)",2.2,"32770",20.5,"Queensland",788
103.0,3,65.3,12367,16.3,6091,"Douglas (S)",18.4,"32810",44.0,"Queensland",6276
113.2,3,55.0,793,22.3,372,"Etheridge (S)",22.7,"33100",45.5,"Queensland",421
108.2,3,60.7,1505,19.7,723,"Flinders (S) (Qld)",19.7,"33200",42.4,"Queensland",782
97.0,3,55.5,106712,16.7,54166,"Fraser Coast (R)",27.8,"33220",49.3,"Queensland",52546
103.9,3,65.5,63412,23.0,31094,"Gladstone (R)",11.5,"33360",36.4,"Queensland",32318
94.7,3,65.3,620518,18.2,318742,"Gold Coast (C)",16.6,"33430",38.3,"Queensland",301776
99.8,3,59.5,10799,22.4,5404,"Goondiwindi (R)",18.2,"33610",38.9,"Queensland",5395
100.5,3,58.1,52446,18.1,26161,"Gympie (R)",23.8,"33620",47.0,"Queensland",26285
103.8,3,56.4,10687,14.9,5245,"Hinchinbrook (S)",28.6,"33800",51.4,"Queensland",5442
123.0,3,63.8,1117,29.9,501,"Hope Vale (S)",6.3,"33830",26.7,"Queensland",616
98.4,3,65.3,222307,23.9,112051,"Ipswich (C)",10.8,"33960",32.8,"Queensland",110256
118.9,3,67.8,20886,25.4,9543,"Isaac (R)",6.7,"33980",33.5,"Queensland",11343
82.7,3,67.1,990,28.3,542,"Kowanyama (S)",4.6,"34420",27.9,"Queensland",448
104.6,3,62.1,38078,18.7,18609,"Livingstone (S)",19.2,"34530",42.9,"Queensland",19469
91.7,3,61.4,1016,33.2,530,"Woorabinda (S)",5.4,"37550",24.6,"Queensland",486
96.6,4,65.3,118943,15.7,60514,"Charles Sturt (C)",19.0,"41060",40.6,"South Australia",58429
104.4,3,63.8,1153,16.1,564,"Winton (S)",20.0,"37400",45.9,"Queensland",589
99.2,4,59.0,9424,17.5,4730,"Clare and Gilbert Valleys (DC)",23.5,"41140",46.9,"South Australia",4694
110.4,4,61.3,1008,20.1,479,"Elliston (DC)",18.6,"41750",47.1,"South Australia",529
100.0,3,65.7,312,26.6,156,"Wujal Wujal (S)",7.7,"37570",31.9,"Queensland",156
97.2,3,61.8,2901,33.9,1471,"Yarrabah (S)",4.3,"37600",22.8,"Queensland",1430
97.1,4,54.6,2702,17.1,1371,"Tumby Bay (DC)",28.4,"47910",50.8,"South Australia",1331
104.7,4,80.8,25456,5.7,12434,"Adelaide (C)",13.5,"40070",30.9,"South Australia",13022
99.0,4,62.3,39977,18.8,20090,"Adelaide Hills (DC)",18.9,"40120",44.2,"South Australia",19887
108.8,4,66.5,9137,18.5,4376,"Adelaide Plains (DC)",15.0,"40150",42.6,"South Australia",4761
93.6,4,54.6,27427,15.1,14164,"Alexandrina (DC)",30.3,"40220",51.7,"South Australia",13263
89.9,4,70.3,2573,24.3,1355,"Anangu Pitjantjatjara (AC)",5.4,"40250",28.8,"South Australia",1218
97.1,4,61.1,25021,18.5,12694,"Barossa (DC)",20.4,"40310",43.6,"South Australia",12327
102.9,4,53.5,2563,13.9,1263,"Barunga West (DC)",32.7,"40430",55.5,"South Australia",1300
101.0,4,59.7,10842,18.1,5395,"Berri and Barmera (DC)",22.2,"40520",45.1,"South Australia",5447
91.0,4,60.6,45816,17.2,23993,"Burnside (C)",22.2,"40700",43.6,"South Australia",21823
96.7,4,63.0,52192,16.6,26537,"Campbelltown (C) (SA)",20.3,"40910",40.8,"South Australia",25655
98.3,4,62.0,3442,20.7,1736,"Ceduna (DC)",17.3,"41010",38.6,"South Australia",1706
108.9,4,60.7,1792,19.5,858,"Cleve (DC)",19.8,"41190",43.3,"South Australia",934
108.6,4,61.3,1834,17.6,879,"Coober Pedy (DC)",21.2,"41330",43.1,"South Australia",955
100.6,4,55.8,15010,15.5,7482,"Copper Coast (DC)",28.7,"41560",50.5,"South Australia",7528
100.2,4,58.0,1692,16.2,845,"Flinders Ranges (DC)",25.8,"41830",48.9,"South Australia",847
107.0,4,54.8,1304,17.5,630,"Franklin Harbour (DC)",27.8,"41960",50.4,"South Australia",674
94.5,4,62.2,24416,18.2,12554,"Gawler (T)",19.6,"42030",40.3,"South Australia",11862
101.1,4,59.4,4190,15.9,2084,"Goyder (DC)",24.7,"42110",49.6,"South Australia",2106
120.5,4,64.3,8584,17.6,3893,"Grant (DC)",18.1,"42250",44.7,"South Australia",4691
91.9,4,61.8,37435,13.7,19504,"Holdfast Bay (C)",24.5,"42600",46.5,"South Australia",17931
105.3,4,58.8,4983,16.5,2427,"Kangaroo Island (DC)",24.7,"42750",48.7,"South Australia",2556
105.4,4,56.2,1107,17.3,539,"Karoonda East Murray (DC)",26.5,"43080",48.2,"South Australia",568
100.6,4,55.6,1065,23.7,531,"Kimba (DC)",20.8,"43220",37.9,"South Australia",534
108.0,4,54.3,2371,16.4,1140,"Kingston (DC) (SA)",29.3,"43360",50.9,"South Australia",1231
103.5,4,65.3,15359,20.4,7548,"Light (RegC)",14.3,"43650",39.8,"South Australia",7811
111.0,4,63.4,5780,19.0,2739,"Lower Eyre Peninsula (DC)",17.6,"43710",43.5,"South Australia",3041
100.3,4,59.0,11743,17.6,5862,"Loxton Waikerie (DC)",23.4,"43790",46.5,"South Australia",5881
100.0,4,93.8,64,4.7,32,"Maralinga Tjarutja (AC)",1.6,"44000",38.6,"South Australia",32
93.2,4,65.3,93448,16.8,48378,"Marion (C)",17.9,"44060",38.6,"South Australia",45070
115.4,4,59.4,9094,13.4,4222,"Mid Murray (DC)",27.2,"44210",51.8,"South Australia",4872
94.8,4,62.6,67474,17.7,34635,"Mitcham (C)",19.6,"44340",41.5,"South Australia",32839
95.6,4,64.2,36571,20.2,18699,"Mount Barker (DC)",15.6,"44550",38.8,"South Australia",17872
93.0,4,61.3,27275,20.1,14135,"Mount Gambier (C)",18.7,"44620",39.2,"South Australia",13140
103.4,4,58.5,2909,14.4,1430,"Mount Remarkable (DC)",27.1,"44830",52.6,"South Australia",1479
101.2,4,62.7,22495,17.3,11179,"Murray Bridge (RC)",20.0,"45040",39.6,"South Australia",11316
106.2,4,61.7,8555,19.7,4148,"Naracoorte and Lucindale (DC)",18.6,"45090",40.6,"South Australia",4407
106.0,4,57.5,4619,18.2,2242,"Northern Areas (DC)",24.3,"45120",47.5,"South Australia",2377
93.4,4,65.2,37056,14.8,19159,"Norwood Payneham St Peters (C)",20.1,"45290",40.4,"South Australia",17897
96.5,4,63.3,172938,18.5,87991,"Onkaparinga (C)",18.2,"45340",40.0,"South Australia",84947
86.4,4,53.2,850,17.8,456,"Orroroo-Carrieton (DC)",29.1,"45400",52.3,"South Australia",394
97.8,4,58.3,1687,12.9,853,"Peterborough (DC)",28.9,"45540",54.8,"South Australia",834
98.7,4,64.3,94848,23.6,47725,"Playford (C)",12.1,"45680",32.8,"South Australia",47123
99.1,4,67.3,127740,17.1,64162,"Port Adelaide Enfield (C)",15.6,"45890",37.4,"South Australia",63578
102.5,4,63.6,13862,19.2,6845,"Port Augusta (C)",17.2,"46090",39.2,"South Australia",7017
96.9,4,60.6,14718,19.9,7475,"Port Lincoln (C)",19.5,"46300",40.0,"South Australia",7243
96.2,4,60.2,17634,18.1,8986,"Port Pirie City and Dists (M)",21.7,"46450",43.6,"South Australia",8648
100.5,4,67.8,21520,17.9,10731,"Prospect (C)",14.3,"46510",37.0,"South Australia",10789
100.3,4,61.3,9907,17.2,4945,"Renmark Paringa (DC)",21.5,"46670",43.1,"South Australia",4962
100.8,4,61.3,1450,12.9,722,"Robe (DC)",25.8,"46860",50.7,"South Australia",728
130.2,4,71.4,3954,25.6,1718,"Roxby Downs (M)",3.0,"46970",32.3,"South Australia",2236
100.6,4,65.5,143560,20.1,71556,"Salisbury (C)",14.4,"47140",36.0,"South Australia",72004
105.9,4,59.2,2080,17.3,1010,"Southern Mallee (DC)",23.5,"47290",45.2,"South Australia",1070
106.4,4,57.8,2192,21.8,1062,"Streaky Bay (DC)",20.4,"47490",43.7,"South Australia",1130
109.5,4,62.4,6816,18.5,3254,"Tatiara (DC)",19.2,"47630",42.1,"South Australia",3562
96.6,4,63.2,100261,17.7,51002,"Tea Tree Gully (C)",19.1,"47700",40.9,"South Australia",49259
104.1,4,58.9,5429,17.9,2660,"The Coorong (DC)",23.2,"47800",46.4,"South Australia",2769
89.4,4,64.6,39208,16.0,20705,"Unley (C)",19.4,"47980",40.7,"South Australia",18503
89.8,4,46.3,15465,13.4,8148,"Victor Harbor (C)",40.3,"48050",58.3,"South Australia",7317
105.2,4,60.2,6838,19.0,3333,"Wakefield (DC)",20.7,"48130",44.1,"South Australia",3505
111.3,5,67.8,3404,21.9,1611,"Coolgardie (S)",10.3,"51960",35.6,"Western Australia",1793
116.3,5,56.3,980,14.7,453,"Coorow (S)",29.0,"52030",55.0,"Western Australia",527
94.1,4,62.8,8000,15.3,4121,"Walkerville (M)",21.9,"48260",43.2,"South Australia",3879
103.4,4,59.7,12041,17.6,5919,"Wattle Range (DC)",22.6,"48340",46.6,"South Australia",6122
96.8,4,67.7,60842,14.8,30912,"West Torrens (C)",17.5,"48410",37.6,"South Australia",29930
98.9,4,62.7,21665,19.3,10891,"Whyalla (C)",18.1,"48540",40.7,"South Australia",10774
104.4,4,59.8,1300,21.1,636,"Wudinna (DC)",19.2,"48640",41.1,"South Australia",664
96.4,4,55.1,5572,14.3,2837,"Yankalilla (DC)",30.6,"48750",54.7,"South Australia",2735
106.7,4,51.9,11324,14.0,5479,"Yorke Peninsula (DC)",34.1,"48830",56.4,"South Australia",5845
151.7,4,71.3,3514,14.3,1396,"Unincorporated SA",14.5,"49399",43.9,"South Australia",2118
97.1,5,60.7,38053,18.3,19304,"Albany (C)",21.1,"50080",43.2,"Western Australia",18749
99.7,5,65.2,90797,23.4,45463,"Armadale (C)",11.4,"50210",33.8,"Western Australia",45334
243.1,5,81.8,13305,14.8,3878,"Ashburton (S)",3.4,"50250",38.2,"Western Australia",9427
96.3,5,62.5,16172,21.9,8238,"Augusta-Margaret River (S)",15.6,"50280",40.2,"Western Australia",7934
97.8,5,65.6,15823,18.0,8001,"Bassendean (T)",16.4,"50350",39.2,"Western Australia",7822
100.1,5,67.5,68362,15.9,34171,"Bayswater (C)",16.6,"50420",38.3,"Western Australia",34191
105.1,5,69.4,42078,16.4,20511,"Belmont (C)",14.1,"50490",35.4,"Western Australia",21567
101.4,5,55.7,1758,14.8,873,"Beverley (S)",29.5,"50560",53.2,"Western Australia",885
108.7,5,64.9,1801,19.3,863,"Boddington (S)",15.8,"50630",42.2,"Western Australia",938
96.8,5,54.6,1763,19.5,896,"Boyup Brook (S)",26.0,"50770",49.5,"Western Australia",867
94.0,5,55.3,4740,18.1,2443,"Bridgetown-Greenbushes (S)",26.6,"50840",50.3,"Western Australia",2297
105.6,5,56.8,952,20.3,463,"Brookton (S)",22.9,"50910",46.3,"Western Australia",489
93.3,5,67.9,16907,24.6,8745,"Broome (S)",7.5,"50980",33.6,"Western Australia",8162
90.7,5,57.7,1108,25.4,581,"Broomehill-Tambellup (S)",17.0,"51080",40.1,"Western Australia",527
108.0,5,58.3,940,20.2,452,"Bruce Rock (S)",21.5,"51120",43.4,"Western Australia",488
94.6,5,62.2,31644,17.9,16263,"Bunbury (C)",19.9,"51190",42.1,"Western Australia",15381
93.8,5,59.7,39623,19.9,20446,"Busselton (C)",20.4,"51260",42.6,"Western Australia",19177
96.1,5,63.0,28867,20.7,14722,"Cambridge (T)",16.4,"51310",40.1,"Western Australia",14145
100.9,5,67.6,92888,18.1,46246,"Canning (C)",14.3,"51330",35.4,"Western Australia",46642
93.9,5,65.1,18161,22.9,9365,"Capel (S)",12.0,"51400",36.9,"Western Australia",8796
96.3,5,64.8,534,17.4,272,"Carnamah (S)",17.8,"51470",45.8,"Western Australia",262
106.4,5,64.0,5182,20.1,2511,"Carnarvon (S)",15.9,"51540",40.5,"Western Australia",2671
95.5,5,60.9,1513,22.1,774,"Chapman Valley (S)",17.0,"51610",42.8,"Western Australia",739
101.0,5,64.3,5898,18.6,2934,"Chittering (S)",17.1,"51680",44.3,"Western Australia",2964
94.9,5,61.4,10712,15.8,5496,"Claremont (T)",22.7,"51750",42.6,"Western Australia",5216
98.3,5,67.6,114320,20.0,57636,"Cockburn (C)",12.4,"51820",36.2,"Western Australia",56684
100.0,5,61.2,8672,19.6,4335,"Collie (S)",19.2,"51890",42.0,"Western Australia",4337
109.0,5,57.3,1133,19.5,542,"Corrigin (S)",23.2,"52100",47.0,"Western Australia",591
97.8,5,64.2,8251,17.0,4172,"Cottesloe (T)",18.8,"52170",41.9,"Western Australia",4079
108.9,5,57.4,1057,20.0,506,"Cranbrook (S)",22.6,"52240",47.5,"Western Australia",551
119.1,5,60.1,850,16.8,388,"Cuballing (S)",23.1,"52310",47.2,"Western Australia",462
164.8,5,70.6,143,11.9,54,"Cue (S)",17.5,"52380",45.0,"Western Australia",89
115.1,5,61.8,1422,20.0,661,"Cunderdin (S)",18.2,"52450",38.4,"Western Australia",761
127.4,5,63.4,1401,22.1,616,"Dalwallinu (S)",14.6,"52520",39.0,"Western Australia",785
116.0,5,58.3,3266,15.5,1512,"Dandaragan (S)",26.1,"52590",49.2,"Western Australia",1754
93.8,5,62.4,14449,22.1,7454,"Dardanup (S)",15.5,"52660",37.1,"Western Australia",6995
98.8,5,55.9,6215,17.6,3127,"Denmark (S)",26.5,"52730",49.7,"Western Australia",3088
100.3,5,66.8,8202,26.4,4094,"Derby-West Kimberley (S)",6.7,"52800",31.1,"Western Australia",4108
94.5,5,59.2,6095,18.1,3133,"Donnybrook-Balingup (S)",22.7,"52870",47.1,"Western Australia",2962
116.5,5,54.4,671,24.3,310,"Dowerin (S)",21.3,"52940",42.6,"Western Australia",361
104.6,5,59.7,665,21.7,325,"Dumbleyung (S)",18.6,"53010",43.8,"Western Australia",340
128.8,5,68.1,714,12.5,312,"Dundas (S)",19.5,"53080",50.3,"Western Australia",402
90.5,5,64.6,7837,18.4,4114,"East Fremantle (T)",17.0,"53150",43.2,"Western Australia",3723
193.5,5,80.9,10928,15.4,3723,"East Pilbara (S)",3.7,"53220",36.0,"Western Australia",7205
98.8,5,62.1,14225,20.5,7155,"Esperance (S)",17.4,"53290",40.1,"Western Australia",7070
107.9,5,67.9,2871,19.5,1381,"Exmouth (S)",12.6,"53360",39.4,"Western Australia",1490
94.7,5,66.4,31084,14.9,15963,"Fremantle (C)",18.7,"53430",42.0,"Western Australia",15121
106.3,5,59.1,5273,15.0,2556,"Gingin (S)",25.9,"53570",48.9,"Western Australia",2717
110.2,5,61.7,1200,20.1,571,"Gnowangerup (S)",18.3,"53640",44.2,"Western Australia",629
105.2,5,68.8,29469,23.1,14358,"Kalgoorlie-Boulder (C)",8.1,"54280",33.9,"Western Australia",15111
121.9,5,69.9,22716,26.4,10235,"Karratha (C)",3.7,"54310",32.7,"Western Australia",12481
97.2,5,58.1,1002,20.1,508,"Goomalling (S)",21.9,"53710",47.4,"Western Australia",494
103.2,5,66.1,124081,21.2,61056,"Gosnells (C)",12.8,"53780",35.3,"Western Australia",63025
95.9,5,63.4,38288,21.1,19540,"Greater Geraldton (C)",15.5,"53800",38.7,"Western Australia",18748
96.7,5,66.4,3454,27.2,1756,"Halls Creek (S)",6.3,"53920",28.9,"Western Australia",1698
96.8,5,62.9,27975,21.6,14217,"Harvey (S)",15.5,"53990",38.6,"Western Australia",13758
94.6,5,55.6,3567,16.8,1833,"Irwin (S)",27.6,"54060",50.6,"Western Australia",1734
113.9,5,62.1,1127,23.6,527,"Jerramungup (S)",14.3,"54130",39.8,"Western Australia",600
98.6,5,64.7,159806,19.3,80450,"Joondalup (C)",16.0,"54170",40.5,"Western Australia",79356
98.9,5,62.7,58954,19.6,29643,"Kalamunda (C)",17.7,"54200",39.5,"Western Australia",29311
103.6,5,60.8,4042,21.4,1985,"Katanning (S)",17.7,"54340",40.3,"Western Australia",2057
98.8,5,58.5,1195,18.1,601,"Kellerberrin (S)",23.4,"54410",46.5,"Western Australia",594
134.9,5,60.3,559,23.4,238,"Kent (S)",16.3,"54480",40.6,"Western Australia",321
108.7,5,57.1,1939,21.6,929,"Kojonup (S)",21.4,"54550",46.1,"Western Australia",1010
134.2,5,63.8,857,17.9,366,"Kondinin (S)",18.3,"54620",45.1,"Western Australia",491
102.0,5,57.6,406,22.4,201,"Koorda (S)",20.0,"54690",45.4,"Western Australia",205
106.8,5,58.6,761,21.2,368,"Kulin (S)",20.2,"54760",43.8,"Western Australia",393
106.8,5,67.8,45092,22.8,21801,"Kwinana (C)",9.5,"54830",33.0,"Western Australia",23291
100.2,5,59.1,1263,25.3,631,"Lake Grace (S)",15.6,"54900",42.0,"Western Australia",632
192.7,5,81.6,1197,11.5,409,"Laverton (S)",6.9,"54970",39.1,"Western Australia",788
162.2,5,72.9,1526,18.8,582,"Leonora (S)",8.3,"55040",37.0,"Western Australia",944
95.3,5,58.3,86474,18.3,44274,"Mandurah (C)",23.4,"55110",43.7,"Western Australia",42200
99.9,5,60.9,9111,18.5,4558,"Manjimup (S)",20.6,"55180",45.5,"Western Australia",4553
137.4,5,72.8,983,18.8,414,"Meekatharra (S)",8.3,"55250",35.4,"Western Australia",569
93.7,5,62.8,102307,17.5,52815,"Melville (C)",19.8,"55320",41.5,"Western Australia",49492
112.4,5,60.0,533,21.6,251,"Mukinbudin (S)",18.4,"55950",44.1,"Western Australia",282
156.2,5,77.9,520,14.0,203,"Menzies (S)",8.1,"55390",36.9,"Western Australia",317
108.4,5,63.2,3365,19.3,1615,"Merredin (S)",17.4,"55460",38.1,"Western Australia",1750
128.3,5,60.4,427,22.7,187,"Mingenew (S)",16.9,"55530",44.2,"Western Australia",240
108.5,5,64.4,39100,17.7,18754,"Mundaring (S)",17.9,"56090",42.8,"Western Australia",20346
123.2,5,62.3,674,20.2,302,"Morawa (S)",17.5,"55670",42.0,"Western Australia",372
104.3,5,60.3,2374,22.4,1162,"Moora (S)",17.3,"55600",42.4,"Western Australia",1212
100.8,5,65.9,249,15.7,124,"Nungarin (S)",18.5,"56860",47.5,"Western Australia",125
74.4,5,64.3,1732,15.1,993,"Peppermint Grove (S)",20.6,"56930",40.6,"Western Australia",739
86.5,5,64.7,9111,16.6,4885,"Mosman Park (T)",18.7,"55740",41.2,"Western Australia",4226
122.5,5,61.0,454,21.6,204,"Mount Magnet (S)",17.4,"55810",45.2,"Western Australia",250
113.6,5,61.3,519,25.0,243,"Mount Marshall (S)",13.7,"55880",38.7,"Western Australia",276
113.2,5,72.8,162,17.3,76,"Murchison (S)",9.9,"56160",44.3,"Western Australia",86
99.4,5,59.3,17911,18.6,8982,"Murray (S)",22.0,"56230",44.0,"Western Australia",8929
95.8,5,53.8,1386,17.1,708,"Nannup (S)",29.1,"56300",53.5,"Western Australia",678
105.1,5,58.6,845,19.2,412,"Narembeen (S)",22.2,"56370",44.5,"Western Australia",433
94.1,5,60.3,4984,19.3,2568,"Narrogin (S)",20.4,"56460",41.4,"Western Australia",2416
97.0,5,61.9,22599,19.2,11474,"Nedlands (C)",18.9,"56580",41.1,"Western Australia",11125
92.9,5,70.1,1750,23.5,907,"Ngaanyatjarraku (S)",6.5,"56620",30.9,"Western Australia",843
102.4,5,62.5,11049,18.5,5458,"Northam (S)",18.9,"56730",42.5,"Western Australia",5591
104.3,5,57.4,2944,19.2,1441,"Northampton (S)",23.4,"56790",49.9,"Western Australia",1503
92.7,5,59.5,79,1.3,41,"Sandstone (S)",39.2,"57630",60.5,"Western Australia",38
102.8,5,66.7,32562,24.5,16058,"Serpentine-Jarrahdale (S)",8.9,"57700",32.5,"Western Australia",16504
126.3,5,61.0,939,17.9,415,"Shark Bay (S)",21.1,"57770",41.9,"Western Australia",524
96.2,5,68.7,43773,14.5,22315,"South Perth (C)",16.8,"57840",37.7,"Western Australia",21458
95.1,5,66.5,221040,17.1,113281,"Stirling (C)",16.4,"57910",37.5,"Western Australia",107759
92.5,5,64.8,17251,15.9,8961,"Subiaco (C)",19.4,"57980",40.1,"Western Australia",8290
203.7,5,70.9,580,18.1,191,"Perenjori (S)",11.0,"57000",42.3,"Western Australia",389
110.6,5,81.2,28832,7.2,13692,"Perth (C)",11.5,"57080",32.8,"Western Australia",15140
103.4,5,54.1,1147,19.9,564,"Pingelly (S)",26.1,"57140",50.3,"Western Australia",583
104.4,5,60.3,5263,17.7,2575,"Plantagenet (S)",22.0,"57210",46.7,"Western Australia",2688
111.5,5,70.1,15144,25.6,7160,"Port Hedland (T)",4.2,"57280",32.7,"Western Australia",7984
92.5,5,53.2,999,19.1,519,"Quairading (S)",27.7,"57350",50.7,"Western Australia",480
112.0,5,59.8,1558,15.7,735,"Ravensthorpe (S)",24.5,"57420",49.3,"Western Australia",823
99.0,5,65.0,135943,22.2,68310,"Rockingham (C)",12.8,"57490",35.0,"Western Australia",67633
99.3,5,67.5,147353,22.0,73925,"Swan (C)",10.5,"58050",34.2,"Western Australia",73428
110.6,5,60.1,398,23.9,189,"Tammin (S)",16.1,"58190",40.8,"Western Australia",209
94.9,5,51.1,573,26.5,294,"Three Springs (S)",22.3,"58260",40.9,"Western Australia",279
101.3,5,60.3,4458,13.6,2215,"Toodyay (S)",26.1,"58330",52.4,"Western Australia",2243
127.1,5,57.1,352,18.2,155,"Trayning (S)",24.7,"58400",51.3,"Western Australia",197
115.5,5,70.6,306,13.7,142,"Westonia (S)",15.7,"59030",42.2,"Western Australia",164
94.5,6,60.2,19844,17.0,10205,"Meander Valley (M)",22.8,"64210",46.1,"Tasmania",9639
98.5,6,61.0,13437,16.9,6770,"Northern Midlands (M)",22.1,"64610",45.8,"Tasmania",6667
102.1,6,63.0,15603,18.2,7722,"Sorell (M)",18.8,"64810",42.2,"Tasmania",7881
106.0,6,63.4,6290,18.2,3053,"Southern Midlands (M)",18.4,"65010",44.5,"Tasmania",3237
105.4,6,56.9,2414,11.6,1175,"Tasman (M)",31.6,"65210",56.6,"Tasmania",1239
90.0,5,66.0,285,26.3,150,"Upper Gascoyne (S)",7.7,"58470",28.1,"Western Australia",135
100.8,5,72.7,36962,13.5,18404,"Victoria Park (T)",13.8,"58510",35.1,"Western Australia",18558
97.5,6,58.7,13828,17.8,7001,"Waratah-Wynyard (M)",23.5,"65410",46.8,"Tasmania",6827
112.0,6,62.9,4175,18.0,1969,"West Coast (M)",19.1,"65610",45.6,"Tasmania",2206
96.2,6,60.9,24070,17.2,12270,"West Tamar (M)",21.9,"65810",45.8,"Tasmania",11800
94.9,7,69.1,26390,21.6,13541,"Alice Springs (T)",9.2,"70200",34.9,"Northern Territory",12849
119.2,5,65.9,914,17.9,417,"Victoria Plains (S)",16.2,"58540",45.4,"Western Australia",497
98.2,5,74.4,36561,14.5,18449,"Vincent (C)",11.2,"58570",35.1,"Western Australia",18112
91.8,5,57.4,1786,17.0,931,"Wagin (S)",25.6,"58610",49.8,"Western Australia",855
101.9,5,56.6,424,17.9,210,"Wandering (S)",25.5,"58680",50.1,"Western Australia",214
97.9,5,66.9,208237,22.5,105236,"Wanneroo (C)",10.6,"58760",33.9,"Western Australia",103001
98.1,5,59.6,4212,18.0,2126,"Waroona (S)",22.3,"58820",45.5,"Western Australia",2086
101.6,5,60.6,780,20.0,387,"West Arthur (S)",19.4,"58890",48.3,"Western Australia",393
94.0,5,57.7,714,22.1,368,"Wickepin (S)",20.2,"59100",45.0,"Western Australia",346
106.5,5,57.8,1010,22.4,489,"Williams (S)",19.8,"59170",43.1,"Western Australia",521
258.1,5,81.4,684,11.0,191,"Wiluna (S)",7.6,"59250",37.4,"Western Australia",493
111.5,5,58.5,1288,22.2,609,"Wongan-Ballidu (S)",19.3,"59310",44.4,"Western Australia",679
113.9,5,61.6,430,22.1,201,"Woodanilling (S)",16.3,"59320",40.6,"Western Australia",229
98.4,5,55.9,492,14.2,248,"Wyalkatchem (S)",29.9,"59330",53.3,"Western Australia",244
90.2,5,68.9,7338,23.9,3858,"Wyndham-East Kimberley (S)",7.2,"59340",33.6,"Western Australia",3480
156.1,5,77.0,356,10.1,139,"Yalgoo (S)",12.9,"59350",44.0,"Western Australia",217
146.9,5,65.8,1163,16.7,471,"Yilgarn (S)",17.5,"59360",47.0,"Western Australia",692
99.3,5,54.7,3575,16.8,1794,"York (S)",28.5,"59370",52.9,"Western Australia",1781
102.6,6,54.6,6288,14.3,3103,"Break O`Day (M)",31.0,"60210",56.0,"Tasmania",3185
100.0,6,63.8,17675,23.1,8837,"Brighton (M)",13.1,"60410",34.9,"Tasmania",8838
94.1,6,63.1,19550,18.6,10074,"Burnie (C)",18.3,"60610",40.2,"Tasmania",9476
94.7,6,59.9,21938,16.5,11267,"Central Coast (M) (Tas.)",23.6,"60810",47.3,"Tasmania",10671
111.1,6,56.9,2130,17.0,1009,"Central Highlands (M) (Tas.)",26.1,"61010",52.0,"Tasmania",1121
103.1,6,61.8,8078,20.4,3977,"Circular Head (M)",17.9,"61210",40.2,"Tasmania",4101
99.0,6,61.5,57807,18.0,29045,"Clarence (C)",20.5,"61410",42.1,"Tasmania",28762
103.4,6,61.8,10424,18.7,5125,"Derwent Valley (M)",19.5,"61510",43.6,"Tasmania",5299
91.0,6,60.0,25633,18.1,13418,"Devonport (C)",21.9,"61610",43.0,"Tasmania",12215
99.8,6,58.1,6634,16.7,3321,"Dorset (M)",25.2,"61810",48.9,"Tasmania",3313
121.0,6,55.9,1010,14.4,457,"Flinders (M) (Tas.)",29.7,"62010",54.6,"Tasmania",553
99.1,6,58.2,6968,17.3,3499,"George Town (M)",24.6,"62210",47.9,"Tasmania",3469
102.4,6,55.5,4602,11.5,2274,"Glamorgan-Spring Bay (M)",33.0,"62410",56.6,"Tasmania",2328
99.4,6,64.1,47969,18.3,24059,"Glenorchy (C)",17.6,"62610",38.6,"Tasmania",23910
99.7,6,67.9,54649,14.6,27372,"Hobart (C)",17.5,"62810",37.7,"Tasmania",27277
98.2,6,61.1,17561,18.0,8860,"Huon Valley (M)",20.9,"63010",45.6,"Tasmania",8701
104.0,6,62.7,6315,15.7,3096,"Kentish (M)",21.6,"63210",48.8,"Tasmania",3219
103.0,6,59.0,1610,16.4,793,"King Island (M)",24.6,"63410",45.5,"Tasmania",817
97.4,6,61.1,38310,19.3,19410,"Kingborough (M)",19.6,"63610",41.8,"Tasmania",18900
95.7,6,58.0,11638,16.5,5948,"Latrobe (M) (Tas.)",25.5,"63810",47.8,"Tasmania",5690
94.8,6,64.3,68007,17.8,34908,"Launceston (C)",17.9,"64010",38.5,"Tasmania",33099
101.7,7,66.7,7369,26.6,3653,"Barkly (R)",6.7,"70420",29.0,"Northern Territory",3716
143.1,7,77.7,175,18.3,72,"Belyuen (S)",4.0,"70540",32.1,"Northern Territory",103
96.5,7,66.3,4231,28.6,2153,"Central Desert (R)",5.1,"70620",28.8,"Northern Territory",2078
103.6,7,60.9,1370,18.8,673,"Coomalie (S)",20.2,"70700",48.6,"Northern Territory",697
103.7,7,71.3,82886,18.6,40684,"Darwin (C)",10.1,"71000",34.7,"Northern Territory",42202
101.4,7,70.4,10344,26.4,5135,"East Arnhem (R)",3.2,"71300",26.9,"Northern Territory",5209
110.1,7,69.3,10623,21.6,5055,"Katherine (T)",9.1,"72200",32.7,"Northern Territory",5568
151.0,7,73.5,25561,16.5,10183,"Litchfield (M)",10.0,"72300",39.2,"Northern Territory",15378
105.4,7,73.5,6917,21.0,3367,"MacDonnell (R)",5.4,"72330",30.9,"Northern Territory",3550
102.0,7,69.7,38270,25.3,18950,"Palmerston (C)",5.0,"72800",30.6,"Northern Territory",19320
104.6,7,68.0,7428,27.1,3630,"Roper Gulf (R)",4.9,"73600",28.1,"Northern Territory",3798
101.7,7,71.1,2741,23.6,1359,"Tiwi Islands (R)",5.3,"74050",31.0,"Northern Territory",1382
108.0,7,66.3,3155,26.1,1517,"Victoria Daly (R)",7.6,"74550",28.0,"Northern Territory",1638
115.4,7,65.3,519,15.2,241,"Wagait (S)",19.5,"74560",48.7,"Northern Territory",278
103.6,7,72.4,6881,24.3,3379,"West Arnhem (R)",3.3,"74660",29.9,"Northern Territory",3502
94.1,7,67.6,3693,30.2,1903,"West Daly (R)",2.2,"74680",25.9,"Northern Territory",1790
119.3,7,71.7,7376,20.3,3364,"Unincorporated NT",8.0,"79399",35.9,"Northern Territory",4012
97.8,8,67.9,426704,19.1,215733,"Unincorporated ACT",13.0,"89399",35.4,"Australian Capital Territory",210971
118.2,9,65.0,4643,16.7,2128,"Unincorp. Other Territories",18.2,"99399",44.1,"Other Territories",2515
