Measure Code,Parent Description,Description,2011,2016,2017,2018,2019,2020,2021
ERP_P_20,Estimated resident population - at 30 June,Estimated resident population (no.),,4608,4665,4716,4759,4791,4848
ERP_21,Estimated resident population - at 30 June,Population density (persons/km2),,18,18.2,18.4,18.6,18.7,19
ERP_M_20,Estimated resident population - at 30 June,Estimated resident population - males (no.),,2489,2510,2518,2530,2542,2563
ERP_F_20,Estimated resident population - at 30 June,Estimated resident population - females (no.),,2119,2155,2198,2229,2249,2285
ERP_19,Estimated resident population - at 30 June,Median age - males (years),,41.1,41.5,42,42.6,42.6,42.4
ERP_22,Estimated resident population - at 30 June,Median age - females (years),,43.4,43.8,44.1,44.4,44.9,44.8
ERP_23,Estimated resident population - at 30 June,Median age - persons (years),,42.3,42.7,43,43.5,43.7,43.6
ERP_18,Estimated resident population - at 30 June,Working age population (aged 15-64 years) (no.),,3081,3120,3128,3125,3107,3089
ERP_17,Estimated resident population - at 30 June,Working age population (aged 15-64 years) (%),,66.9,66.9,66.3,65.7,64.9,63.7
ERP_M_2,Estimated resident population - Males - at 30 June,Males - 0-4 years (no.),,153,135,122,107,114,136
ERP_M_3,Estimated resident population - Males - at 30 June,Males - 5-9 years (no.),,155,166,171,170,168,154
ERP_M_4,Estimated resident population - Males - at 30 June,Males - 10-14 years (no.),,124,125,132,153,159,168
ERP_M_5,Estimated resident population - Males - at 30 June,Males - 15-19 years (no.),,108,112,99,87,80,88
ERP_M_6,Estimated resident population - Males - at 30 June,Males - 20-24 years (no.),,150,144,143,132,126,117
ERP_M_7,Estimated resident population - Males - at 30 June,Males - 25-29 years (no.),,172,166,156,169,174,171
ERP_M_8,Estimated resident population - Males - at 30 June,Males - 30-34 years (no.),,171,183,188,185,183,180
ERP_M_9,Estimated resident population - Males - at 30 June,Males - 35-39 years (no.),,178,176,186,180,185,188
ERP_M_10,Estimated resident population - Males - at 30 June,Males - 40-44 years (no.),,174,160,154,145,145,148
ERP_M_11,Estimated resident population - Males - at 30 June,Males - 45-49 years (no.),,168,178,189,200,188,168
ERP_M_12,Estimated resident population - Males - at 30 June,Males - 50-54 years (no.),,204,192,178,173,175,182
ERP_M_13,Estimated resident population - Males - at 30 June,Males - 55-59 years (no.),,193,209,207,204,190,192
ERP_M_14,Estimated resident population - Males - at 30 June,Males - 60-64 years (no.),,164,169,177,185,196,188
ERP_M_15,Estimated resident population - Males - at 30 June,Males - 65-69 years (no.),,166,169,178,182,171,167
ERP_M_16,Estimated resident population - Males - at 30 June,Males - 70-74 years (no.),,91,102,97,108,130,155
ERP_M_17,Estimated resident population - Males - at 30 June,Males - 75-79 years (no.),,64,68,74,75,80,74
ERP_M_18,Estimated resident population - Males - at 30 June,Males - 80-84 years (no.),,29,28,33,41,44,50
ERP_M_19,Estimated resident population - Males - at 30 June,Males - 85 and over (no.),,25,28,34,34,34,37
ERP_M_21,Estimated resident population - Males - at 30 June,Males - 0-4 years (%),,6.1,5.4,4.8,4.2,4.5,5.3
ERP_M_22,Estimated resident population - Males - at 30 June,Males - 5-9 years (%),,6.2,6.6,6.8,6.7,6.6,6
ERP_M_23,Estimated resident population - Males - at 30 June,Males - 10-14 years (%),,5,5,5.2,6,6.3,6.6
ERP_M_24,Estimated resident population - Males - at 30 June,Males - 15-19 years (%),,4.3,4.5,3.9,3.4,3.1,3.4
ERP_M_25,Estimated resident population - Males - at 30 June,Males - 20-24 years (%),,6,5.7,5.7,5.2,5,4.6
ERP_M_26,Estimated resident population - Males - at 30 June,Males - 25-29 years (%),,6.9,6.6,6.2,6.7,6.8,6.7
ERP_M_27,Estimated resident population - Males - at 30 June,Males - 30-34 years (%),,6.9,7.3,7.5,7.3,7.2,7
ERP_M_28,Estimated resident population - Males - at 30 June,Males - 35-39 years (%),,7.2,7,7.4,7.1,7.3,7.3
ERP_M_29,Estimated resident population - Males - at 30 June,Males - 40-44 years (%),,7,6.4,6.1,5.7,5.7,5.8
ERP_M_30,Estimated resident population - Males - at 30 June,Males - 45-49 years (%),,6.7,7.1,7.5,7.9,7.4,6.6
ERP_M_31,Estimated resident population - Males - at 30 June,Males - 50-54 years (%),,8.2,7.6,7.1,6.8,6.9,7.1
ERP_M_32,Estimated resident population - Males - at 30 June,Males - 55-59 years (%),,7.8,8.3,8.2,8.1,7.5,7.5
ERP_M_33,Estimated resident population - Males - at 30 June,Males - 60-64 years (%),,6.6,6.7,7,7.3,7.7,7.3
ERP_M_34,Estimated resident population - Males - at 30 June,Males - 65-69 years (%),,6.7,6.7,7.1,7.2,6.7,6.5
ERP_M_35,Estimated resident population - Males - at 30 June,Males - 70-74 years (%),,3.7,4.1,3.9,4.3,5.1,6
ERP_M_36,Estimated resident population - Males - at 30 June,Males - 75-79 years (%),,2.6,2.7,2.9,3,3.1,2.9
ERP_M_37,Estimated resident population - Males - at 30 June,Males - 80-84 years (%),,1.2,1.1,1.3,1.6,1.7,2
ERP_M_38,Estimated resident population - Males - at 30 June,Males - 85 and over (%),,1,1.1,1.4,1.3,1.3,1.4
ERP_F_2,Estimated resident population - Females - at 30 June,Females - 0-4 years (no.),,131,124,132,129,118,115
ERP_F_3,Estimated resident population - Females - at 30 June,Females - 5-9 years (no.),,134,135,126,129,127,138
ERP_F_4,Estimated resident population - Females - at 30 June,Females - 10-14 years (no.),,134,129,133,129,130,130
ERP_F_5,Estimated resident population - Females - at 30 June,Females - 15-19 years (no.),,105,107,106,104,108,106
ERP_F_6,Estimated resident population - Females - at 30 June,Females - 20-24 years (no.),,71,84,83,97,104,106
ERP_F_7,Estimated resident population - Females - at 30 June,Females - 25-29 years (no.),,101,107,115,104,111,115
ERP_F_8,Estimated resident population - Females - at 30 June,Females - 30-34 years (no.),,147,152,151,138,127,128
ERP_F_9,Estimated resident population - Females - at 30 June,Females - 35-39 years (no.),,138,140,148,162,163,166
ERP_F_10,Estimated resident population - Females - at 30 June,Females - 40-44 years (no.),,157,147,134,137,139,142
ERP_F_11,Estimated resident population - Females - at 30 June,Females - 45-49 years (no.),,168,177,188,178,162,145
ERP_F_12,Estimated resident population - Females - at 30 June,Females - 50-54 years (no.),,172,162,164,170,174,173
ERP_F_13,Estimated resident population - Females - at 30 June,Females - 55-59 years (no.),,183,191,189,192,190,194
ERP_F_14,Estimated resident population - Females - at 30 June,Females - 60-64 years (no.),,157,164,173,183,187,192
ERP_F_15,Estimated resident population - Females - at 30 June,Females - 65-69 years (no.),,118,127,143,143,146,157
ERP_F_16,Estimated resident population - Females - at 30 June,Females - 70-74 years (no.),,85,85,85,98,108,109
ERP_F_17,Estimated resident population - Females - at 30 June,Females - 75-79 years (no.),,53,62,66,63,74,81
ERP_F_18,Estimated resident population - Females - at 30 June,Females - 80-84 years (no.),,36,34,34,41,45,54
ERP_F_19,Estimated resident population - Females - at 30 June,Females - 85 and over (no.),,29,28,28,32,36,34
ERP_F_21,Estimated resident population - Females - at 30 June,Females - 0-4 years (%),,6.2,5.8,6,5.8,5.2,5
ERP_F_22,Estimated resident population - Females - at 30 June,Females - 5-9 years (%),,6.3,6.3,5.7,5.8,5.6,6
ERP_F_23,Estimated resident population - Females - at 30 June,Females - 10-14 years (%),,6.3,6,6.1,5.8,5.8,5.7
ERP_F_24,Estimated resident population - Females - at 30 June,Females - 15-19 years (%),,5,5,4.8,4.7,4.8,4.6
ERP_F_25,Estimated resident population - Females - at 30 June,Females - 20-24 years (%),,3.4,3.9,3.8,4.4,4.6,4.6
ERP_F_26,Estimated resident population - Females - at 30 June,Females - 25-29 years (%),,4.8,5,5.2,4.7,4.9,5
ERP_F_27,Estimated resident population - Females - at 30 June,Females - 30-34 years (%),,6.9,7.1,6.9,6.2,5.6,5.6
ERP_F_28,Estimated resident population - Females - at 30 June,Females - 35-39 years (%),,6.5,6.5,6.7,7.3,7.2,7.3
ERP_F_29,Estimated resident population - Females - at 30 June,Females - 40-44 years (%),,7.4,6.8,6.1,6.1,6.2,6.2
ERP_F_30,Estimated resident population - Females - at 30 June,Females - 45-49 years (%),,7.9,8.2,8.6,8,7.2,6.3
ERP_F_31,Estimated resident population - Females - at 30 June,Females - 50-54 years (%),,8.1,7.5,7.5,7.6,7.7,7.6
ERP_F_32,Estimated resident population - Females - at 30 June,Females - 55-59 years (%),,8.6,8.9,8.6,8.6,8.4,8.5
ERP_F_33,Estimated resident population - Females - at 30 June,Females - 60-64 years (%),,7.4,7.6,7.9,8.2,8.3,8.4
ERP_F_34,Estimated resident population - Females - at 30 June,Females - 65-69 years (%),,5.6,5.9,6.5,6.4,6.5,6.9
ERP_F_35,Estimated resident population - Females - at 30 June,Females - 70-74 years (%),,4,3.9,3.9,4.4,4.8,4.8
ERP_F_36,Estimated resident population - Females - at 30 June,Females - 75-79 years (%),,2.5,2.9,3,2.8,3.3,3.5
ERP_F_37,Estimated resident population - Females - at 30 June,Females - 80-84 years (%),,1.7,1.6,1.5,1.8,2,2.4
ERP_F_38,Estimated resident population - Females - at 30 June,Females - 85 and over (%),,1.4,1.3,1.3,1.4,1.6,1.5
ERP_P_2,Estimated resident population - Persons - at 30 June,Persons - 0-4 years (no.),,284,259,254,236,232,251
ERP_P_3,Estimated resident population - Persons - at 30 June,Persons - 5-9 years (no.),,289,301,297,299,295,292
ERP_P_4,Estimated resident population - Persons - at 30 June,Persons - 10-14 years (no.),,258,254,265,282,289,298
ERP_P_5,Estimated resident population - Persons - at 30 June,Persons - 15-19 years (no.),,213,219,205,191,188,194
ERP_P_6,Estimated resident population - Persons - at 30 June,Persons - 20-24 years (no.),,221,228,226,229,230,223
ERP_P_7,Estimated resident population - Persons - at 30 June,Persons - 25-29 years (no.),,273,273,271,273,285,286
ERP_P_8,Estimated resident population - Persons - at 30 June,Persons - 30-34 years (no.),,318,335,339,323,310,308
ERP_P_9,Estimated resident population - Persons - at 30 June,Persons - 35-39 years (no.),,316,316,334,342,348,354
ERP_P_10,Estimated resident population - Persons - at 30 June,Persons - 40-44 years (no.),,331,307,288,282,284,290
ERP_P_11,Estimated resident population - Persons - at 30 June,Persons - 45-49 years (no.),,336,355,377,378,350,313
ERP_P_12,Estimated resident population - Persons - at 30 June,Persons - 50-54 years (no.),,376,354,342,343,349,355
ERP_P_13,Estimated resident population - Persons - at 30 June,Persons - 55-59 years (no.),,376,400,396,396,380,386
ERP_P_14,Estimated resident population - Persons - at 30 June,Persons - 60-64 years (no.),,321,333,350,368,383,380
ERP_P_15,Estimated resident population - Persons - at 30 June,Persons - 65-69 years (no.),,284,296,321,325,317,324
ERP_P_16,Estimated resident population - Persons - at 30 June,Persons - 70-74 years (no.),,176,187,182,206,238,264
ERP_P_17,Estimated resident population - Persons - at 30 June,Persons - 75-79 years (no.),,117,130,140,138,154,155
ERP_P_18,Estimated resident population - Persons - at 30 June,Persons - 80-84 years (no.),,65,62,67,82,89,104
ERP_P_19,Estimated resident population - Persons - at 30 June,Persons - 85 and over (no.),,54,56,62,66,70,71
ERP_P_21,Estimated resident population - Persons - at 30 June,Persons - 0-4 years (%),,6.2,5.6,5.4,5,4.8,5.2
ERP_P_22,Estimated resident population - Persons - at 30 June,Persons - 5-9 years (%),,6.3,6.5,6.3,6.3,6.2,6
ERP_P_23,Estimated resident population - Persons - at 30 June,Persons - 10-14 years (%),,5.6,5.4,5.6,5.9,6,6.1
ERP_P_24,Estimated resident population - Persons - at 30 June,Persons - 15-19 years (%),,4.6,4.7,4.3,4,3.9,4
ERP_P_25,Estimated resident population - Persons - at 30 June,Persons - 20-24 years (%),,4.8,4.9,4.8,4.8,4.8,4.6
ERP_P_26,Estimated resident population - Persons - at 30 June,Persons - 25-29 years (%),,5.9,5.9,5.7,5.7,5.9,5.9
ERP_P_27,Estimated resident population - Persons - at 30 June,Persons - 30-34 years (%),,6.9,7.2,7.2,6.8,6.5,6.4
ERP_P_28,Estimated resident population - Persons - at 30 June,Persons - 35-39 years (%),,6.9,6.8,7.1,7.2,7.3,7.3
ERP_P_29,Estimated resident population - Persons - at 30 June,Persons - 40-44 years (%),,7.2,6.6,6.1,5.9,5.9,6
ERP_P_30,Estimated resident population - Persons - at 30 June,Persons - 45-49 years (%),,7.3,7.6,8,7.9,7.3,6.5
ERP_P_31,Estimated resident population - Persons - at 30 June,Persons - 50-54 years (%),,8.2,7.6,7.3,7.2,7.3,7.3
ERP_P_32,Estimated resident population - Persons - at 30 June,Persons - 55-59 years (%),,8.2,8.6,8.4,8.3,7.9,8
ERP_P_33,Estimated resident population - Persons - at 30 June,Persons - 60-64 years (%),,7,7.1,7.4,7.7,8,7.8
ERP_P_34,Estimated resident population - Persons - at 30 June,Persons - 65-69 years (%),,6.2,6.3,6.8,6.8,6.6,6.7
ERP_P_35,Estimated resident population - Persons - at 30 June,Persons - 70-74 years (%),,3.8,4,3.9,4.3,5,5.4
ERP_P_36,Estimated resident population - Persons - at 30 June,Persons - 75-79 years (%),,2.5,2.8,3,2.9,3.2,3.2
ERP_P_37,Estimated resident population - Persons - at 30 June,Persons - 80-84 years (%),,1.4,1.3,1.4,1.7,1.9,2.1
ERP_P_38,Estimated resident population - Persons - at 30 June,Persons - 85 and over (%),,1.2,1.2,1.3,1.4,1.5,1.5
CENSUS_34,Aboriginal and Torres Strait Islander Peoples - Census,Aboriginal and Torres Strait Islander Peoples (no.),244,232,,,,,224
CENSUS_2,Aboriginal and Torres Strait Islander Peoples - Census,Aboriginal and Torres Strait Islander Peoples (%),8,5.1,,,,,4.7
CENSUS_4,Overseas born population - Census,Born in Oceania and Antarctica (excluding Australia) (%),,10,,,,,9
CENSUS_5,Overseas born population - Census,Born in North-West Europe (%),,3.8,,,,,3.2
CENSUS_6,Overseas born population - Census,Born in Southern and Eastern Europe (%),,0.5,,,,,0.4
CENSUS_7,Overseas born population - Census,Born in North Africa and the Middle East (%),,1.5,,,,,1.4
CENSUS_8,Overseas born population - Census,Born in South-East Asia (%),,12.9,,,,,10.5
CENSUS_9,Overseas born population - Census,Born in North-East Asia (%),,1,,,,,0.5
CENSUS_10,Overseas born population - Census,Born in Southern and Central Asia (%),,0.7,,,,,1.1
CENSUS_11,Overseas born population - Census,Born in Americas (%),,0.7,,,,,1.1
CENSUS_12,Overseas born population - Census,Born in Sub-Saharan Africa (%),,1.2,,,,,1.4
CENSUS_35,Overseas born population - Census,Total born overseas (no.),,1473,,,,,1373
CENSUS_13,Overseas born population - Census,Total born overseas (%),,32.1,,,,,28.7
CENSUS_15,Religious affiliation - Census,Buddhism (%),11.7,7.5,,,,,5.6
CENSUS_16,Religious affiliation - Census,Christianity (%),19.9,35.5,,,,,29.8
CENSUS_17,Religious affiliation - Census,Hinduism (%),0.3,0.2,,,,,0.3
CENSUS_18,Religious affiliation - Census,Islam (%),24,16.6,,,,,16.1
CENSUS_19,Religious affiliation - Census,Judaism (%),,0.1,,,,,0.1
CENSUS_20,Religious affiliation - Census,Other religions (%),1.9,1,,,,,0.6
CENSUS_40,Religious affiliation - Census,"Secular beliefs, other spiritual beliefs, no religion (%)",11.7,21.5,,,,,27.2
CENSUS_22,Religious affiliation - Census,Religious affiliation - inadequately described or not stated (%),30.6,17.6,,,,,20.4
CENSUS_36,Australian citizenship - Census,Australian citizen (no.),1827,3307,,,,,3435
CENSUS_37,Australian citizenship - Census,Not an Australian citizen (no.),324,802,,,,,701
CENSUS_38,Australian citizenship - Census,Australian citizenship - not stated (no.),877,474,,,,,655
CENSUS_29,Australian citizenship - Census,Australian citizen (%),60.2,72.2,,,,,71.7
CENSUS_30,Australian citizenship - Census,Not an Australian citizen (%),10.7,17.5,,,,,14.6
CENSUS_31,Australian citizenship - Census,Australian citizenship - not stated (%),28.9,10.3,,,,,13.7
CENSUS_39,Speaks a language other than English at home - Census,Speaks a language other than English at home (no.),1226,2132,,,,,1946
CENSUS_33,Speaks a language other than English at home - Census,Speaks a language other than English at home (%),40.4,46.5,,,,,40.6
ADFS_2,Australian Defence Force service - Persons aged 15 years and over - Census,Currently serving in the Australian Defence Force (no.),,,,,,,34
ADFS_3,Australian Defence Force service - Persons aged 15 years and over - Census,Previously served in the Australian Defence Force (no.),,,,,,,85
ADFS_4,Australian Defence Force service - Persons aged 15 years and over - Census,Currently serving in the Australian Defence Force (%),,,,,,,0.9
ADFS_5,Australian Defence Force service - Persons aged 15 years and over - Census,Previously served in the Australian Defence Force (%),,,,,,,2.1
ING_LANG1,Language - Census,Speakers of an Aboriginal or Torres Strait Islander language who identify as Aboriginal and/or Torres Strait Islander (%),18.2,17.2,,,,,6.1
ING_LANG2,Language - Census,Speaks English at home (%),75.2,80.4,,,,,84
ING_EETP1,"Engagement in employment, education and training - Census",Fully engaged (%),27.8,32.4,,,,,
ING_EETP2,"Engagement in employment, education and training - Census",Partially or at least partially engaged (%),15.2,20.9,,,,,
ING_EETP3,"Engagement in employment, education and training - Census",Not engaged (%),58.9,48.9,,,,,
ING_YR12ATT,Education - Census,Attained year 12 or equivalent or Certificate III or above (aged 20-24 years) (%),88.9,100,,,,,
ING_EMP1,Labour force status - Census,Employed (no.),47,54,,,,,
ING_EMP2,Labour force status - Census,% of total labour force employed,73.4,85.7,,,,,
ING_UNEMP1,Labour force status - Census,Unemployed (no.),21,5,,,,,
ING_UNEMP2,Labour force status - Census,% of total labour force unemployed,32.8,7.9,,,,,
ING_LABF,Labour force status - Census,In the labour force (no.),64,63,,,,,
ING_LFPR,Labour force status - Census,Labour force participation rate (%),44.8,49.6,,,,,
ING_NILF,Labour force status - Census,Not in the labour force (%),53.1,47.2,,,,,
ING_1564,Labour force status - Census,Total responding population aged 15-64 years (no.),143,127,,,,,
ING_EMP3,Labour force status - Census,% of total Census responding population employed,32.9,42.5,,,,,
ING_UA1,Unpaid assistance to a person with a disability - Census,Provided unpaid assistance (no.),19,30,,,,,35
ING_UA2,Unpaid assistance to a person with a disability - Census,Provided unpaid assistance (%),11.4,17.5,,,,,19.9
ING_UPCC1,Unpaid child care - Census,Cared for own child/children (no.),21,16,,,,,15
ING_UPCC2,Unpaid child care - Census,Cared for own child/children (%),12.7,9.4,,,,,8.5
ING_UPCC3,Unpaid child care - Census,Cared for other child/children (no.),20,19,,,,,11
ING_UPCC4,Unpaid child care - Census,Cared for other child/children (%),12,11.1,,,,,6.3
ING_UPCC5,Unpaid child care - Census,Total provided unpaid child care (no.),48,40,,,,,29
ING_UPCC6,Unpaid child care - Census,Total provided unpaid child care (%),28.9,23.4,,,,,16.5
ING_UPCC7,Unpaid child care - Census,Did not provide unpaid child care (no.),109,95,,,,,102
ING_UPCC8,Unpaid child care - Census,Did not provide unpaid child care (%),65.7,55.6,,,,,58
ING_VOLWP1,Voluntary work for an organisation or group - Census,Volunteered (no.),23,30,,,,,20
ING_VOLWP2,Voluntary work for an organisation or group - Census,Volunteered (%),13.9,17.5,,,,,11.4
ING_ASHP,Appropriately sized housing - Census,Persons living in appropriately sized dwellings (Closing the Gap measure) (%),71,53.8,,,,,74
ING_ONEBR,Appropriately sized housing - Census,Persons living in a dwelling requiring one additional bedroom (%),6.1,15.9,,,,,12.3
ING_TWOBR,Appropriately sized housing - Census,Persons living in a dwelling requiring two additional bedrooms (%),8.4,12.1,,,,,19.9
ING_THRBR,Appropriately sized housing - Census,Persons living in a dwelling requiring three additional bedrooms (%),2.3,16.5,,,,,0
ING_FOUBR,Appropriately sized housing - Census,Persons living in a dwelling requiring four or more additional bedrooms (%),10.7,6,,,,,0
ING_TTYPE1,Tenure type - Census,Owner with or without a mortgage (or being purchased under a shared equity scheme) (no.),8,10,,,,,14
ING_TTYPE3,Tenure type - Census,Owner with or without a mortgage (or being purchased under a shared equity scheme) (%),3.4,4.4,,,,,6.4
ING_TTYPE2,Tenure type - Census,Renter (no.),192,161,,,,,133
ING_TTYPE4,Tenure type - Census,Renter (%),82.4,70.6,,,,,60.5
CABEE_2,Number of businesses - at 30 June,Number of non-employing businesses,,,1570,1570,1630,1558,1608
CABEE_3,Number of businesses - at 30 June,Number of employing businesses: 1-4 employees,,,149,172,147,115,128
CABEE_4,Number of businesses - at 30 June,Number of employing businesses: 5-19 employees,,,26,20,22,21,12
CABEE_38,Number of businesses - at 30 June,Number of employing businesses: 20 or more employees,,,8,7,10,7,6
CABEE_5,Number of businesses - at 30 June,Total number of businesses,,,1753,1769,1809,1701,1754
CABEE_7,Business entries - year ended 30 June,Number of non employing business entries,,,,272,327,271,304
CABEE_8,Business entries - year ended 30 June,Number of employing business entries: 1-4 employees,,,,37,28,18,22
CABEE_9,Business entries - year ended 30 June,Number of employing business entries: 5-19 employees,,,,,3,3,
CABEE_10,Business entries - year ended 30 June,Total number of business entries,,,,309,359,292,327
CABEE_12,Business exits - year ended 30 June,Number of non employing business exits,,,,278,276,307,307
CABEE_13,Business exits - year ended 30 June,Number of employing business exits: 1-4 employees,,,,32,37,38,16
CABEE_14,Business exits - year ended 30 June,Number of employing business exits: 5-19 employees,,,,3,,,
CABEE_15,Business exits - year ended 30 June,Total number of business exits,,,,314,315,347,326
CABEE_19,Number of businesses by industry - at 30 June,"Agriculture, forestry and fishing (no.)",,,72,73,69,68,60
CABEE_28,Number of businesses by industry - at 30 June,Mining (no.),,,34,24,21,16,16
CABEE_27,Number of businesses by industry - at 30 June,Manufacturing (no.),,,197,198,210,189,175
CABEE_23,Number of businesses by industry - at 30 June,"Electricity, gas water and waste services (no.)",,,5,4,5,6,7
CABEE_21,Number of businesses by industry - at 30 June,Construction (no.),,,112,117,112,84,82
CABEE_37,Number of businesses by industry - at 30 June,Wholesale trade (no.),,,95,113,135,152,177
CABEE_34,Number of businesses by industry - at 30 June,Retail trade (no.),,,305,303,312,292,289
CABEE_17,Number of businesses by industry - at 30 June,Accommodation and food services (no.),,,25,35,38,21,30
CABEE_36,Number of businesses by industry - at 30 June,"Transport, postal and warehousing (no.)",,,67,78,73,73,71
CABEE_26,Number of businesses by industry - at 30 June,Information media and telecommunications (no.),,,64,65,67,68,68
CABEE_24,Number of businesses by industry - at 30 June,Financial and insurance services (no.),,,51,48,54,49,57
CABEE_33,Number of businesses by industry - at 30 June,"Rental, hiring and real estate services (no.)",,,104,99,93,82,87
CABEE_31,Number of businesses by industry - at 30 June,"Professional, scientific and technical services (no.)",,,267,265,276,275,273
CABEE_18,Number of businesses by industry - at 30 June,Administrative and support services (no.),,,69,77,68,59,72
CABEE_32,Number of businesses by industry - at 30 June,Public administration and safety (no.),,,10,12,15,14,13
CABEE_22,Number of businesses by industry - at 30 June,Education and training (no.),,,43,38,34,38,46
CABEE_25,Number of businesses by industry - at 30 June,Health care and social assistance (no.),,,71,75,84,89,95
CABEE_20,Number of businesses by industry - at 30 June,Arts and recreation services (no.),,,25,22,22,23,27
CABEE_30,Number of businesses by industry - at 30 June,Other services (no.),,,27,25,29,23,28
CABEE_29,Number of businesses by industry - at 30 June,Currently unknown (no.),,,110,98,92,80,81
CABEE_35,Number of businesses by industry - at 30 June,Number of businesses by industry - total,,,1753,1769,1809,1701,1754
CABEE_42,Number of businesses by turnover - at 30 June,Number of businesses with turnover of zero to less than $50k,,,544,550,538,496,598
CABEE_43,Number of businesses by turnover - at 30 June,Number of businesses with turnover of $50k to less than $200k,,,396,395,423,427,426
CABEE_44,Number of businesses by turnover - at 30 June,Number of businesses with turnover of $200k to less than $2m,,,542,539,556,498,457
CABEE_45,Number of businesses by turnover - at 30 June,Number of businesses with turnover of $2m to less than $5m,,,112,120,123,124,114
CABEE_46,Number of businesses by turnover - at 30 June,Number of businesses with turnover of $5m to less than $10m,,,59,68,59,52,57
CABEE_47,Number of businesses by turnover - at 30 June,Number of businesses with turnover of $10m or more,,,97,96,107,112,98
CABEE_48,Number of businesses by turnover - at 30 June,Number of businesses by turnover - total,,,1753,1769,1809,1701,1754
CABEE_50,Business entries by turnover - year ended 30 June,Number of business entries with turnover of zero to less than $50k,,,,135,142,115,158
CABEE_51,Business entries by turnover - year ended 30 June,Number of business entries with turnover of $50k to less than $200k,,,,97,117,122,103
CABEE_52,Business entries by turnover - year ended 30 June,Number of business entries with turnover of $200k to less than $2m,,,,55,62,44,49
CABEE_53,Business entries by turnover - year ended 30 June,Number of business entries with turnover of $2m to less than $5m,,,,5,22,9,10
CABEE_54,Business entries by turnover - year ended 30 June,Number of business entries with turnover of $5m to less than $10m,,,,8,7,,8
CABEE_55,Business entries by turnover - year ended 30 June,Number of business entries with turnover of $10m or more,,,,6,9,13,6
CABEE_56,Business entries by turnover - year ended 30 June,Number of business entries by turnover - total,,,,309,359,292,327
CABEE_58,Business exits by turnover - year ended 30 June,Number of business exits with turnover of zero to less than $50k,,,,144,162,154,150
CABEE_59,Business exits by turnover - year ended 30 June,Number of business exits with turnover of $50k to less than $200k,,,,90,69,97,92
CABEE_60,Business exits by turnover - year ended 30 June,Number of business exits with turnover of $200k to less than $2m,,,,65,65,74,61
CABEE_61,Business exits by turnover - year ended 30 June,Number of business exits with turnover of $2m to less than $5m,,,,5,10,7,15
CABEE_62,Business exits by turnover - year ended 30 June,Number of business exits with turnover of $5m to less than $10m,,,,,3,4,6
CABEE_63,Business exits by turnover - year ended 30 June,Number of business exits with turnover of $10m or more,,,,5,10,9,3
CABEE_64,Business exits by turnover - year ended 30 June,Number of business exits by turnover - total,,,,314,315,347,326
HOUSES_2,Residential property transfers - year ended 30 June,Number of established house transfers (no.),,10,8,9,,5,9
HOUSES_3,Residential property transfers - year ended 30 June,Median price of established house transfers  ($),,327500,365000,465000,,280000,410000
HOUSES_4,Residential property transfers - year ended 30 June,Number of attached dwelling transfers (no.),,,7,5,,,10
HOUSES_5,Residential property transfers - year ended 30 June,Median price of attached dwelling transfers ($),,,215000,180000,,,250000
INSOLV_3,Personal insolvencies - year ended 30 June,Total debtors entering non-business related personal insolvencies (no.),,,,3,,,
INSOLV_4,Personal insolvencies - year ended 30 June,Total debtors entering personal insolvencies (no.),,,,3,,,
EMP_IND_2,Industry of employment - Proportion of employed persons aged 15 years and older - Census,"Agriculture, forestry and fishing (%)",,1.7,,,,,
EMP_IND_3,Industry of employment - Proportion of employed persons aged 15 years and older - Census,Mining (%),,7.0,,,,,
EMP_IND_4,Industry of employment - Proportion of employed persons aged 15 years and older - Census,Manufacturing (%),,2.1,,,,,
EMP_IND_5,Industry of employment - Proportion of employed persons aged 15 years and older - Census,"Electricity, gas water and waste services (%)",,2.0,,,,,
EMP_IND_6,Industry of employment - Proportion of employed persons aged 15 years and older - Census,Construction (%),,6.7,,,,,
EMP_IND_7,Industry of employment - Proportion of employed persons aged 15 years and older - Census,Wholesale trade (%),,0.9,,,,,
EMP_IND_8,Industry of employment - Proportion of employed persons aged 15 years and older - Census,Retail trade (%),,8.6,,,,,
EMP_IND_9,Industry of employment - Proportion of employed persons aged 15 years and older - Census,Accommodation and food services (%),,11.5,,,,,
EMP_IND_10,Industry of employment - Proportion of employed persons aged 15 years and older - Census,"Transport, postal and warehousing (%)",,4.9,,,,,
EMP_IND_11,Industry of employment - Proportion of employed persons aged 15 years and older - Census,Information media and telecommunications (%),,0.9,,,,,
EMP_IND_12,Industry of employment - Proportion of employed persons aged 15 years and older - Census,Financial and insurance services (%),,1.0,,,,,
EMP_IND_13,Industry of employment - Proportion of employed persons aged 15 years and older - Census,"Rental, hiring and real estate services (%)",,1.3,,,,,
EMP_IND_14,Industry of employment - Proportion of employed persons aged 15 years and older - Census,"Professional, scientific and technical services (%)",,2.0,,,,,
EMP_IND_15,Industry of employment - Proportion of employed persons aged 15 years and older - Census,Administrative and support services (%),,5.6,,,,,
EMP_IND_16,Industry of employment - Proportion of employed persons aged 15 years and older - Census,Public administration and safety (%),,20.0,,,,,
EMP_IND_17,Industry of employment - Proportion of employed persons aged 15 years and older - Census,Education and training (%),,7.2,,,,,
EMP_IND_18,Industry of employment - Proportion of employed persons aged 15 years and older - Census,Health care and social assistance (%),,5.1,,,,,
EMP_IND_19,Industry of employment - Proportion of employed persons aged 15 years and older - Census,Arts and recreation services (%),,3.2,,,,,
EMP_IND_20,Industry of employment - Proportion of employed persons aged 15 years and older - Census,Other services (%),,2.6,,,,,
EMP_IND_22,Industry of employment - Proportion of employed persons aged 15 years and older - Census,Industry of employment - inadequately described or not stated (%),,5.1,,,,,
EMP_IND_21,Industry of employment - Proportion of employed persons aged 15 years and older - Census,Total persons employed (no.),,2168,,,,,
CAPGAINS_1,Gross capital gains reported by taxpayers - year ended 30 June,Gross capital gains reported by taxpayers - persons (no.),,70,80,87,87,124,
CAPGAINS_2,Gross capital gains reported by taxpayers - year ended 30 June,Gross capital gains reported by taxpayers - total amount ($m),,1.3,1.1,1,1,2.2,
CAPGAINS_3,Gross capital gains reported by taxpayers - year ended 30 June,Gross capital gains reported by taxpayers - median ($),,4190,2481,2443,1531,2177,
CAPGAINS_4,Gross capital gains reported by taxpayers - year ended 30 June,Gross capital gains reported by taxpayers - mean ($),,18983,14261,11333,11286,17942,
PENSION_4,Selected Government pensions and allowances - at 30 June,Service pension - Department of Veterans' Affairs (no.),,,,,,13,14
PERSINC_2,Total personal income (weekly) - Persons aged 15 years and over - Census,Persons earning $1-$499 per week (%),,21.8,,,,,19.3
PERSINC_3,Total personal income (weekly) - Persons aged 15 years and over - Census,Persons earning $500-$999 per week (%),,22.9,,,,,22.3
PERSINC_4,Total personal income (weekly) - Persons aged 15 years and over - Census,Persons earning $1000-$1999 per week (%),,20.9,,,,,23.5
PERSINC_5,Total personal income (weekly) - Persons aged 15 years and over - Census,Persons earning $2000-$2999 per week (%),,5.4,,,,,6.6
PERSINC_6,Total personal income (weekly) - Persons aged 15 years and over - Census,Persons earning $3000 or more per week (%),,1.5,,,,,2.4
PERSINC_7,Total personal income (weekly) - Persons aged 15 years and over - Census,Persons earning nil income (%),,6.8,,,,,4.3
PERSINC_8,Total personal income (weekly) - Persons aged 15 years and over - Census,Persons with a negative income (%),,0.6,,,,,1
PERSINC_9,Total personal income (weekly) - Persons aged 15 years and over - Census,Income inadequately described or not stated (%),,20.1,,,,,20.6
EQUIV_2,"Equivalised total household income - Family, lone person and group households - Census",Median equivalised total household income (weekly) ($),1034,844,,,,,991
EQUIV_3,"Equivalised total household income - Family, lone person and group households - Census",Households equivalised total income $1-$499 per week (%),,18.4,,,,,16.2
EQUIV_4,"Equivalised total household income - Family, lone person and group households - Census",Households equivalised total income $500-$999 per week (%),,33.1,,,,,27.8
EQUIV_5,"Equivalised total household income - Family, lone person and group households - Census",Households equivalised total income $1000-$1999 per week (%),,26.4,,,,,34.7
EQUIV_6,"Equivalised total household income - Family, lone person and group households - Census",Households equivalised total income $2000-$2999 per week (%),,6.7,,,,,7.2
EQUIV_7,"Equivalised total household income - Family, lone person and group households - Census",Households equivalised total income $3000 or more per week (%),,1.6,,,,,3.4
EQUIV_8,"Equivalised total household income - Family, lone person and group households - Census",Households equivalised total nil income (%),,1,,,,,1.4
EQUIV_9,"Equivalised total household income - Family, lone person and group households - Census",Households equivalised total partial income stated (%),,9,,,,,6.6
EQUIV_10,"Equivalised total household income - Family, lone person and group households - Census",Households equivalised total all incomes not stated (%),,3.3,,,,,3
PRESCH_2,Children enrolled in a preschool or preschool program (4 and 5 year olds),4 year olds enrolled in preschool or preschool program (no.),,,51,35,56,30,29
PRESCH_3,Children enrolled in a preschool or preschool program (4 and 5 year olds),5 year olds enrolled in preschool or preschool program (no.),,,3,,,3,
PRESCH_5,Children enrolled in a preschool or preschool program (4 and 5 year olds),Children enrolled in preschool (no.),,,42,27,41,28,17
PRESCH_6,Children enrolled in a preschool or preschool program (4 and 5 year olds),Children enrolled in preschool program within centre based day care (no.),,,7,,12,3,7
PRESCH_7,Children enrolled in a preschool or preschool program (4 and 5 year olds),Children enrolled across more than one provider type (no.),,,10,4,,7,5
PRESCH_8,Children enrolled in a preschool or preschool program (4 and 5 year olds),Children enrolled in a preschool or preschool program (no.),,,57,36,52,33,31
PRESCH_10,Children attending a preschool or preschool program (4 and 5 year olds),Children attending preschool for less than 15 hours (no.),,,5,5,25,3,7
PRESCH_11,Children attending a preschool or preschool program (4 and 5 year olds),Children attending preschool for 15 hours or more (no.),,,37,33,23,30,22
HELP_2,Higher education loan program (HELP) repayments - year ended 30 June,Taxpayers with higher education loan program (HELP) repayment (no.),,22,38,34,51,70,
LEED_2,Jobs in Australia - year ended 30 June,Number of jobs held by females,,,,1637,1605,,
LEED_3,Jobs in Australia - year ended 30 June,Number of jobs held by males,,,,1674,1609,,
LEED_4,Jobs in Australia - year ended 30 June,Number of jobs,,,,3314,3216,,
LEED_5,Jobs in Australia - year ended 30 June,"Number of employee jobs - agriculture, forestry and fishing",,,,40,31,,
LEED_6,Jobs in Australia - year ended 30 June,Number of employee jobs - mining,,,,160,151,,
LEED_7,Jobs in Australia - year ended 30 June,Number of employee jobs - manufacturing,,,,48,23,,
LEED_8,Jobs in Australia - year ended 30 June,"Number of employee jobs - electricity, gas water and waste services",,,,8,12,,
LEED_9,Jobs in Australia - year ended 30 June,Number of employee jobs - construction,,,,161,133,,
LEED_10,Jobs in Australia - year ended 30 June,Number of employee jobs - wholesale trade,,,,47,44,,
LEED_11,Jobs in Australia - year ended 30 June,Number of employee jobs - retail trade,,,,239,262,,
LEED_12,Jobs in Australia - year ended 30 June,Number of employee jobs - accommodation and food services,,,,302,318,,
LEED_13,Jobs in Australia - year ended 30 June,"Number of employee jobs - transport, postal and warehousing",,,,168,154,,
LEED_14,Jobs in Australia - year ended 30 June,Number of employee jobs - information media and telecommunications,,,,,3,,
LEED_15,Jobs in Australia - year ended 30 June,Number of employee jobs - finance and insurance services,,,,33,50,,
LEED_16,Jobs in Australia - year ended 30 June,"Number of employee jobs - rental, hiring and real estate services",,,,23,32,,
LEED_17,Jobs in Australia - year ended 30 June,"Number of employee jobs - professional, scientific and technical services",,,,123,97,,
LEED_18,Jobs in Australia - year ended 30 June,Number of employee jobs - administrative and support services,,,,282,248,,
LEED_19,Jobs in Australia - year ended 30 June,Number of employee jobs - public administration and safety,,,,638,631,,
LEED_20,Jobs in Australia - year ended 30 June,Number of employee jobs - education and training,,,,170,169,,
LEED_21,Jobs in Australia - year ended 30 June,Number of employee jobs - health care and social assistance,,,,136,141,,
LEED_22,Jobs in Australia - year ended 30 June,Number of employee jobs - arts and recreation services,,,,88,74,,
LEED_23,Jobs in Australia - year ended 30 June,Number of employee jobs - other services,,,,84,93,,
LEED_24,Jobs in Australia - year ended 30 June,Number of employee jobs - total,,,,2881,2780,,
HIGH_2,Highest year of school completed - Persons aged 15 years and over who are no longer attending primary or secondary school - Census,Completed year 12 or equivalent (%),,,,,,,42.5
HIGH_3,Highest year of school completed - Persons aged 15 years and over who are no longer attending primary or secondary school - Census,Completed year 11 or equivalent (%),,,,,,,6.2
HIGH_4,Highest year of school completed - Persons aged 15 years and over who are no longer attending primary or secondary school - Census,Completed year 10 or equivalent (%),,,,,,,18.8
HIGH_5,Highest year of school completed - Persons aged 15 years and over who are no longer attending primary or secondary school - Census,Completed year 9 or equivalent (%),,,,,,,3.1
HIGH_6,Highest year of school completed - Persons aged 15 years and over who are no longer attending primary or secondary school - Census,Completed year 8 or below (%),,,,,,,3.8
HIGH_7,Highest year of school completed - Persons aged 15 years and over who are no longer attending primary or secondary school - Census,Did not go to school (%),,,,,,,3.1
HIGH_8,Highest year of school completed - Persons aged 15 years and over who are no longer attending primary or secondary school - Census,Highest year of school completed - not stated (%),,,,,,,22.3
SCHOOL_2,Persons with non-school qualifications - Persons aged 15 years and over - Census,Non-school qualifications (%),,62.9,,,,,
SCHOOL_3,Persons with non-school qualifications - Persons aged 15 years and over - Census,Postgraduate degree (%),,2,,,,,
SCHOOL_4,Persons with non-school qualifications - Persons aged 15 years and over - Census,Graduate diploma/graduate certificate (%),,1.5,,,,,
SCHOOL_5,Persons with non-school qualifications - Persons aged 15 years and over - Census,Bachelor degree (%),,8.7,,,,,
SCHOOL_6,Persons with non-school qualifications - Persons aged 15 years and over - Census,Advanced diploma/diploma (%),,7.4,,,,,
SCHOOL_7,Persons with non-school qualifications - Persons aged 15 years and over - Census,Certificate (%),,20.3,,,,,
SCHOOL_8,Persons with non-school qualifications - Persons aged 15 years and over - Census,Non-school qualifications - inadequately described (%),,23.1,,,,,
FIELD_2,Non-school qualification: field of study - Persons aged 15 years and over - Census,Natural and physical sciences (%),1.5,2.3,,,,,
FIELD_3,Non-school qualification: field of study - Persons aged 15 years and over - Census,Information technology (%),0.6,0.9,,,,,
FIELD_4,Non-school qualification: field of study - Persons aged 15 years and over - Census,Engineering and related technologies (%),9.8,14.3,,,,,
FIELD_5,Non-school qualification: field of study - Persons aged 15 years and over - Census,Architecture and building (%),2.8,5.7,,,,,
FIELD_6,Non-school qualification: field of study - Persons aged 15 years and over - Census,"Agriculture, environmental and related studies (%)",1.5,2.6,,,,,
FIELD_7,Non-school qualification: field of study - Persons aged 15 years and over - Census,Health (%),3.1,5.1,,,,,
FIELD_8,Non-school qualification: field of study - Persons aged 15 years and over - Census,Education (%),5.9,6.2,,,,,
FIELD_9,Non-school qualification: field of study - Persons aged 15 years and over - Census,Management and commerce (%),7.7,13.5,,,,,
FIELD_10,Non-school qualification: field of study - Persons aged 15 years and over - Census,Society and culture (%),5,7.1,,,,,
FIELD_11,Non-school qualification: field of study - Persons aged 15 years and over - Census,Creative arts (%),0.8,1.4,,,,,
FIELD_12,Non-school qualification: field of study - Persons aged 15 years and over - Census,"Food, hospitality and personal services (%)",2,4.7,,,,,
FIELD_13,Non-school qualification: field of study - Persons aged 15 years and over - Census,Mixed field programmes (%),0.2,0.1,,,,,
FIELD_14,Non-school qualification: field of study - Persons aged 15 years and over - Census,Field of study - inadequately described or not stated (%),58.6,35.5,,,,,
YOUTH_2,Youth (15-19 years) engagement in work/study - Census,Working full-time and studying part-time (%),1.8,1.4,,,,,
YOUTH_4,Youth (15-19 years) engagement in work/study - Census,Working part-time and studying full-time (%),6.1,11.6,,,,,
YOUTH_5,Youth (15-19 years) engagement in work/study - Census,Working full-time (not studying) (%),18.3,9.3,,,,,
YOUTH_6,Youth (15-19 years) engagement in work/study - Census,Studying full-time (not working) (%),34.8,43.3,,,,,
YOUTH_10,Youth (15-19 years) engagement in work/study - Census,Working (away from work) and studying full-time (%),,4.7,,,,,
YOUTH_8,Youth (15-19 years) engagement in work/study - Census,Fully engaged (%),62.8,69.3,,,,,
YOUTH_9,Youth (15-19 years) engagement in work/study - Census,Total persons aged 15-19 years (no.),164,215,,,,,
LF_6,Labour force status - Persons aged 15 years and over - Census,Employed (no.),,2168,,,,,
LF_3,Labour force status - Persons aged 15 years and over - Census,Unemployed (no.),,64,,,,,
LF_2,Labour force status - Persons aged 15 years and over - Census,Labour force (no.),,2226,,,,,
LF_4,Labour force status - Persons aged 15 years and over - Census,Unemployment rate (%),,2.9,,,,,
LF_5,Labour force status - Persons aged 15 years and over - Census,Participation rate (%),,59.0,,,,,
LF_7,Labour force status - Persons aged 15 years and over - Census,Not in the labour force (%),,29.4,,,,,
LF_8,Labour force status - Persons aged 15 years and over - Census,Labour force status not stated (%),,11.5,,,,,
LF_9,Labour force status - Persons aged 15 years and over - Census,Total population aged 15 years and over (no.),,3773,,,,,
EMP_OCC_2,Occupation of employed persons - Percentage of total employed persons aged 15 years and over - Census,Managers (%),14,15.7,,,,,
EMP_OCC_3,Occupation of employed persons - Percentage of total employed persons aged 15 years and over - Census,Professionals (%),16,11.2,,,,,
EMP_OCC_4,Occupation of employed persons - Percentage of total employed persons aged 15 years and over - Census,Technicians and trades workers (%),17.1,17.5,,,,,
EMP_OCC_5,Occupation of employed persons - Percentage of total employed persons aged 15 years and over - Census,Community and personal service workers (%),12.4,13.9,,,,,
EMP_OCC_6,Occupation of employed persons - Percentage of total employed persons aged 15 years and over - Census,Clerical and administrative workers (%),13.4,11.5,,,,,
EMP_OCC_7,Occupation of employed persons - Percentage of total employed persons aged 15 years and over - Census,Sales workers (%),1.7,6,,,,,
EMP_OCC_8,Occupation of employed persons - Percentage of total employed persons aged 15 years and over - Census,Machinery operators and drivers (%),8.1,7.4,,,,,
EMP_OCC_9,Occupation of employed persons - Percentage of total employed persons aged 15 years and over - Census,Labourers (%),14.4,13.9,,,,,
EMP_OCC_10,Occupation of employed persons - Percentage of total employed persons aged 15 years and over - Census,Occupation of employed persons - inadequately described (%),2.9,2.5,,,,,
PRIVATE_2,Private health - year ended 30 June,Taxpayers who report having private health insurance (no.),,491,943,937,944,896,
ACTIV_3,Core activity need for assistance - Census,Persons who have need for assistance with core activities (no.),68,154,,,,,175
ACTIV_2,Core activity need for assistance - Census,Persons who have need for assistance with core activities (%),2.2,3.4,,,,,3.7
LTHLTH_2,Persons with long-term health conditions - Census,Arthritis (%),,,,,,,5.1
LTHLTH_3,Persons with long-term health conditions - Census,Asthma (%),,,,,,,5.7
LTHLTH_4,Persons with long-term health conditions - Census,Cancer (including remission) (%),,,,,,,2.1
LTHLTH_5,Persons with long-term health conditions - Census,Dementia (including Alzheimer's) (%),,,,,,,0.5
LTHLTH_6,Persons with long-term health conditions - Census,Diabetes (excluding gestational diabetes) (%),,,,,,,4
LTHLTH_7,Persons with long-term health conditions - Census,Heart disease (including heart attack or angina) (%),,,,,,,3.4
LTHLTH_8,Persons with long-term health conditions - Census,Kidney disease (%),,,,,,,0.9
LTHLTH_9,Persons with long-term health conditions - Census,Lung condition (including COPD or emphysema) (%),,,,,,,1
LTHLTH_10,Persons with long-term health conditions - Census,Mental health condition (including depression or anxiety) (%),,,,,,,4
LTHLTH_11,Persons with long-term health conditions - Census,Stroke (%),,,,,,,0.7
LTHLTH_12,Persons with long-term health conditions - Census,Any other long-term health condition(s) (%),,,,,,,5.6
LTHLTH_13,Persons with long-term health conditions - Census,No long-term health condition(s) (%),,,,,,,56.7
GIFTS2,Gifts/donations reported by taxpayers - year ended 30 June,Persons (no.),,260,325,327,323,346,
GIFTS3,Gifts/donations reported by taxpayers - year ended 30 June,Median ($),,160,206,198,160,150,
WORK_TRAV_3,Method of travel to work - Employed persons - Census,Used one method - train (no.),6,3,,,,,
WORK_TRAV_4,Method of travel to work - Employed persons - Census,Used one method - bus (no.),68,53,,,,,
WORK_TRAV_19,Method of travel to work - Employed persons - Census,Used one method - ferry (no.),38,40,,,,,
WORK_TRAV_5,Method of travel to work - Employed persons - Census,Used one method - car (as driver) (no.),589,1272,,,,,
WORK_TRAV_21,Method of travel to work - Employed persons - Census,Used one method - car (as passenger) (no.),85,119,,,,,
WORK_TRAV_20,Method of travel to work - Employed persons - Census,Used one method - taxi (no.),,3,,,,,
WORK_TRAV_22,Method of travel to work - Employed persons - Census,Used one method - truck (no.),9,70,,,,,
WORK_TRAV_6,Method of travel to work - Employed persons - Census,Used one method - motor bike/scooter (no.),46,55,,,,,
WORK_TRAV_7,Method of travel to work - Employed persons - Census,Used one method - bicycle (no.),22,15,,,,,
WORK_TRAV_8,Method of travel to work - Employed persons - Census,Used one method - other (no.),33,38,,,,,
WORK_TRAV_9,Method of travel to work - Employed persons - Census,Used one method - walked only (no.),121,162,,,,,
WORK_TRAV_10,Method of travel to work - Employed persons - Census,Used one method of travel - total (no.),1016,1828,,,,,
WORK_TRAV_12,Method of travel to work - Employed persons - Census,Used more than one method of travel - total (no. ),40,61,,,,,
WORK_TRAV_23,Method of travel to work - Employed persons - Census,"People who travelled to work using at least one form of public transport (train, tram, bus, ferry) (no.)",142,148,,,,,
WORK_TRAV_24,Method of travel to work - Employed persons - Census,People who travelled to work by car (as a driver or passenger) as at least one of their methods of travel (no.),695,1427,,,,,
WORK_TRAV_14,Method of travel to work - Employed persons - Census,Other - worked from home (no.),24,80,,,,,
WORK_TRAV_15,Method of travel to work - Employed persons - Census,Other - employed but did not go to work (no.),66,151,,,,,
WORK_TRAV_16,Method of travel to work - Employed persons - Census,Other - method of travel not stated (no.),38,38,,,,,
WORK_TRAV_17,Method of travel to work - Employed persons - Census,Total employed (no.),1182,2168,,,,,
HHTYPE_2,Households by type - Occupied private dwellings - Census,Lone person households (no.),138,368,,,,,492
HHTYPE_3,Households by type - Occupied private dwellings - Census,Group households (no.),20,16,,,,,28
HHTYPE_4,Households by type - Occupied private dwellings - Census,Family households (no.),541,976,,,,,1008
HHTYPE_5,Households by type - Occupied private dwellings - Census,Total households (no.),694,1361,,,,,1533
HHTYPE_6,Households by type - Occupied private dwellings - Census,Average household size (no. of persons),2.9,2.5,,,,,2.4
FAMILY_2,Families by type - Families in family households - Census,Couple families with children under 15 and/or dependent students (no.),238,364,,,,,347
FAMILY_3,Families by type - Families in family households - Census,Couple families with non-dependent children only (no.),55,64,,,,,67
FAMILY_4,Families by type - Families in family households - Census,Couple families without children (no.),205,437,,,,,496
FAMILY_5,Families by type - Families in family households - Census,One parent families with children under 15 and/or dependent students (no.),49,89,,,,,94
FAMILY_6,Families by type - Families in family households - Census,One parent families with non-dependent children only (no.),24,53,,,,,44
FAMILY_7,Families by type - Families in family households - Census,Other families (no.),8,9,,,,,22
FAMILY_8,Families by type - Families in family households - Census,Total families (no.),583,1026,,,,,1064
FAMILY_9,Families by type - Families in family households - Census,Average family size (no. of persons),3.1,3.0,,,,,2.9
MARRIAGE_2,Social marital status - Persons aged 15 years and over usually resident and present in the household on Census Night,Married in a registered marriage (no.),881,1382,,,,,1390
MARRIAGE_3,Social marital status - Persons aged 15 years and over usually resident and present in the household on Census Night,Married in a de facto marriage (no.),91,306,,,,,383
MARRIAGE_4,Social marital status - Persons aged 15 years and over usually resident and present in the household on Census Night,Not married (no.),523,952,,,,,1088
MARRIAGE_5,Registered marital status - Persons aged 15 years and over - Census,Married (%),52.9,51.1,,,,,48.8
MARRIAGE_6,Registered marital status - Persons aged 15 years and over - Census,Never married (%),38.9,32.1,,,,,32.6
MARRIAGE_7,Registered marital status - Persons aged 15 years and over - Census,Widowed (%),2.4,4.7,,,,,4.3
MARRIAGE_8,Registered marital status - Persons aged 15 years and over - Census,Divorced (%),3.7,8.6,,,,,10.3
MARRIAGE_9,Registered marital status - Persons aged 15 years and over - Census,Separated (%),2.3,3.4,,,,,4.1
INTERNET_2,Access to internet at home - Occupied private dwellings - Census,Internet accessed from dwelling (%),,78.3,,,,,
INTERNET_3,Access to internet at home - Occupied private dwellings - Census,Internet not accessed from dwelling (%),,17.4,,,,,
INTERNET_4,Access to internet at home - Occupied private dwellings - Census,Access to internet at home - inadequately described or not stated (%),,4.2,,,,,
RENT_4,Rent and mortgage payments - Occupied private dwellings - Census,Median weekly household rental payment ($),140,160,,,,,200
RENT_5,Rent and mortgage payments - Occupied private dwellings - Census,Median monthly household mortgage payment ($),1300,1400,,,,,1300
CHILDCAR_2,Unpaid child care - Persons aged 15 years and over - Census,Persons who did not provide child care (%),48.5,57.4,,,,,57.6
CHILDCAR_3,Unpaid child care - Persons aged 15 years and over - Census,Persons who cared for own child/children (%),12.8,16.4,,,,,14.9
CHILDCAR_4,Unpaid child care - Persons aged 15 years and over - Census,Persons who cared for other child/children (%),2.8,5.6,,,,,6
CHILDCAR_5,Unpaid child care - Persons aged 15 years and over - Census,Persons who cared for own child/children and other child/children (%),0.6,0.8,,,,,20.5
CHILDCAR_6,Unpaid child care - Persons aged 15 years and over - Census,Unpaid child care - not stated (%),35,19.8,,,,,1
UNPAIDW_2,Unpaid work - Persons aged 15 years and over - Census,Persons who provided unpaid assistance to a person with a disability (%),4.1,10.4,,,,,9.5
UNPAIDW_3,Unpaid work - Persons aged 15 years and over - Census,Persons undertaking voluntary work for an organisation or group (%),18.6,25.6,,,,,21.7
CHILD_2,Count of all children in family - Families with children in family households - Census,Average number of all children in a family (no.),1.9,1.9,,,,,1.9
HOUSE_2,Housing suitability - Occupied private dwellings - Census,Dwellings with extra bedrooms needed (no.),,70,,,,,52
HOUSE_3,Housing suitability - Occupied private dwellings - Census,Dwellings with bedrooms spare (no.),,946,,,,,1054
HOUSE_4,Housing suitability - Occupied private dwellings - Census,Dwellings with no bedrooms needed or spare (no.),,245,,,,,308
DWELL_2,Dwelling structure - Occupied private dwellings - Census,Separate house (no.),396,1129,,,,,1259
DWELL_3,Dwelling structure - Occupied private dwellings - Census,"Semi-detached, row or terrace house, townhouse etc. (no.)",67,87,,,,,106
DWELL_4,Dwelling structure - Occupied private dwellings - Census,Flat or apartment (no.),211,116,,,,,141
DWELL_5,Dwelling structure - Occupied private dwellings - Census,Other dwelling (no.),6,14,,,,,5
DWELL_6,Dwelling structure - Occupied private dwellings - Census,Dwelling structure not stated (no.),13,16,,,,,23
DWELL_7,Dwelling structure - Occupied private dwellings - Census,Total occupied private dwellings (no.),694,1361,,,,,1533
TENURE_7,Tenure type - Occupied private dwellings - Census,Owned outright (no.),172,403,,,,,494
TENURE_8,Tenure type - Occupied private dwellings - Census,Owned with a mortgage (no.),62,300,,,,,280
TENURE_9,Tenure type - Occupied private dwellings - Census,Rented (no.),353,477,,,,,600
TENURE_10,Tenure type - Occupied private dwellings - Census,Other tenure type (no.),73,128,,,,,94
TENURE_11,Tenure type - Occupied private dwellings - Census,Tenure type not stated (no.),33,55,,,,,65
TENURE_2,Tenure type - Occupied private dwellings - Census,Owned outright (%),24.8,29.6,,,,,32.2
TENURE_3,Tenure type - Occupied private dwellings - Census,Owned with a mortgage (%),8.9,22,,,,,18.3
TENURE_4,Tenure type - Occupied private dwellings - Census,Rented (%),50.9,35,,,,,39.1
TENURE_5,Tenure type - Occupied private dwellings - Census,Other tenure type (%),10.5,9.4,,,,,6.1
TENURE_6,Tenure type - Occupied private dwellings - Census,Tenure type not stated (%),4.8,4,,,,,4.2
STRESS_10,Mortgage and rent affordability indicators - Occupied private dwellings - Census,Households where mortgage repayments are less than or equal to 30% of imputed household income (no.),,,,,,,205
STRESS_11,Mortgage and rent affordability indicators - Occupied private dwellings - Census,Households where mortgage repayments are more than 30% of imputed household income (no.),,,,,,,39
STRESS_12,Mortgage and rent affordability indicators - Occupied private dwellings - Census,Households where rent payments are less than or equal to 30% of imputed household income (no.),,,,,,,419
STRESS_13,Mortgage and rent affordability indicators - Occupied private dwellings - Census,Households where rent payments are more than 30% of imputed household income (no.),,,,,,,88
STRESS_14,Mortgage and rent affordability indicators - Occupied private dwellings - Census,Households where mortgage repayments are less than or equal to 30% of imputed household income (%),,,,,,,73.2
STRESS_15,Mortgage and rent affordability indicators - Occupied private dwellings - Census,Households where mortgage repayments are more than 30% of imputed household income (%),,,,,,,13.9
STRESS_16,Mortgage and rent affordability indicators - Occupied private dwellings - Census,Households where rent payments are less than or equal to 30% of imputed household income (%),,,,,,,69.8
STRESS_17,Mortgage and rent affordability indicators - Occupied private dwellings - Census,Households where rent payments are more than 30% of imputed household income (%),,,,,,,14.7
HOMELESS_2,Homelessness - Census,"Homeless persons per 10,000 persons (rate)",,52.2,,,,,
COMMUTE_2,Commuting to work - employed persons aged 15 years and older - Census,Average commuting distance from place of usual residence (kms),,3.9,,,,,
COMMUTE_3,Commuting to work - employed persons aged 15 years and older - Census,Median commuting distance from place of usual residence (kms),,1.6,,,,,
COMMUTE_4,Commuting to work - employed persons aged 15 years and older - Census,Average commuting distance to place of work (kms),,8.6,,,,,
COMMUTE_5,Commuting to work - employed persons aged 15 years and older - Census,Median commuting distance to place of work (kms),,2,,,,,
COMMUTE_6,Commuting to work - employed persons aged 15 years and older - Census,Average commuting distance from place of usual residence - females (kms),,3.4,,,,,
COMMUTE_7,Commuting to work - employed persons aged 15 years and older - Census,Average commuting distance from place of usual residence - males (kms),,4.4,,,,,
COMMUTE_8,Commuting to work - employed persons aged 15 years and older - Census,Median commuting distance from place of usual residence - females (kms),,1.9,,,,,
COMMUTE_9,Commuting to work - employed persons aged 15 years and older - Census,Median commuting distance from place of usual residence - males (kms),,1.5,,,,,
COMMUTE_10,Commuting to work - employed persons aged 15 years and older - Census,Average commuting distance from place of usual residence - managers (kms),,2.4,,,,,
COMMUTE_11,Commuting to work - employed persons aged 15 years and older - Census,Average commuting distance from place of usual residence - professionals (kms),,3.1,,,,,
COMMUTE_12,Commuting to work - employed persons aged 15 years and older - Census,Average commuting distance from place of usual residence - technicians and trades workers (kms),,6.1,,,,,
COMMUTE_13,Commuting to work - employed persons aged 15 years and older - Census,Average commuting distance from place of usual residence - community and personal service Work (kms),,5.2,,,,,
COMMUTE_14,Commuting to work - employed persons aged 15 years and older - Census,Average commuting distance from place of usual residence - clerical and administrative workers (kms),,3.6,,,,,
COMMUTE_15,Commuting to work - employed persons aged 15 years and older - Census,Average commuting distance from place of usual residence - sales workers (kms),,3.8,,,,,
COMMUTE_16,Commuting to work - employed persons aged 15 years and older - Census,Average commuting distance from place of usual residence - machinery operators and drivers (kms),,3.7,,,,,
COMMUTE_17,Commuting to work - employed persons aged 15 years and older - Census,Average commuting distance from place of usual residence - labourers (kms),,3,,,,,
COMMUTE_18,Commuting to work - employed persons aged 15 years and older - Census,Median commuting distance from place of usual residence - managers (kms),,1.5,,,,,
COMMUTE_19,Commuting to work - employed persons aged 15 years and older - Census,Median commuting distance from place of usual residence - professionals (kms),,1.6,,,,,
COMMUTE_20,Commuting to work - employed persons aged 15 years and older - Census,Median commuting distance from place of usual residence - technicians and trades workers (kms),,2,,,,,
COMMUTE_21,Commuting to work - employed persons aged 15 years and older - Census,Median commuting distance from place of usual residence - community and personal service work (kms),,1.5,,,,,
COMMUTE_22,Commuting to work - employed persons aged 15 years and older - Census,Median commuting distance from place of usual residence - clerical and administrative workers (kms),,2,,,,,
COMMUTE_23,Commuting to work - employed persons aged 15 years and older - Census,Median commuting distance from place of usual residence - sales workers (kms),,2.7,,,,,
COMMUTE_24,Commuting to work - employed persons aged 15 years and older - Census,Median commuting distance from place of usual residence - machinery operators and drivers (kms),,1.4,,,,,
COMMUTE_25,Commuting to work - employed persons aged 15 years and older - Census,Median commuting distance from place of usual residence - labourers (kms),,1.4,,,,,
VEHIC_2,Number of motor vehicles per household - Occupied private dwellings - Census,No motor vehicles (no.),56,62,,,,,62
VEHIC_3,Number of motor vehicles per household - Occupied private dwellings - Census,One motor vehicle (no.),256,436,,,,,558
VEHIC_4,Number of motor vehicles per household - Occupied private dwellings - Census,Two motor vehicles (no.),211,513,,,,,524
VEHIC_5,Number of motor vehicles per household - Occupied private dwellings - Census,Three motor vehicles (no.),85,179,,,,,208
VEHIC_6,Number of motor vehicles per household - Occupied private dwellings - Census,Four or more motor vehicles (no.),45,105,,,,,115
TOTMIG_3,Population of persons born overseas - Census,Males born overseas (no.),,826,,,,,765
TOTMIG_2,Population of persons born overseas - Census,Females born overseas (no.),,647,,,,,605
TOTMIG_4,Population of persons born overseas - Census,Persons born overseas (no.),,1473,,,,,1373
AGEMIG_2,Age of persons born overseas - Census,0-4 years (no.),,26,,,,,14
AGEMIG_3,Age of persons born overseas - Census,5-9 years (no.),,23,,,,,26
AGEMIG_4,Age of persons born overseas - Census,10-14 years (no.),,22,,,,,20
AGEMIG_5,Age of persons born overseas - Census,15-19 years (no.),,23,,,,,18
AGEMIG_6,Age of persons born overseas - Census,20-24 years (no.),,57,,,,,42
AGEMIG_7,Age of persons born overseas - Census,25-29 years (no.),,108,,,,,89
AGEMIG_8,Age of persons born overseas - Census,30-34 years (no.),,140,,,,,121
AGEMIG_9,Age of persons born overseas - Census,35-39 years (no.),,136,,,,,124
AGEMIG_10,Age of persons born overseas - Census,40-44 years (no.),,121,,,,,102
AGEMIG_11,Age of persons born overseas - Census,45-49 years (no.),,134,,,,,105
AGEMIG_12,Age of persons born overseas - Census,50-54 years (no.),,150,,,,,137
AGEMIG_13,Age of persons born overseas - Census,55-59 years (no.),,131,,,,,128
AGEMIG_14,Age of persons born overseas - Census,60-64 years (no.),,127,,,,,122
AGEMIG_15,Age of persons born overseas - Census,65-69 years (no.),,123,,,,,115
AGEMIG_16,Age of persons born overseas - Census,70-74 years (no.),,70,,,,,105
AGEMIG_17,Age of persons born overseas - Census,75-79 years (no.),,45,,,,,52
AGEMIG_18,Age of persons born overseas - Census,80-84 years (no.),,23,,,,,40
AGEMIG_19,Age of persons born overseas - Census,85 years and over (no.),,13,,,,,17
ARRMIG_2,Year of arrival of persons born overseas - Census,Arrived within 5 years (%),,10.8,,,,,6
ARRMIG_3,Year of arrival of persons born overseas - Census,Arrived 5-10 years ago (%),,9.4,,,,,10.9
ARRMIG_4,Year of arrival of persons born overseas - Census,Arrived over 10 years ago (%),,56.4,,,,,61.5
ARRMIG_5,Year of arrival of persons born overseas - Census,Arrival not stated (%),,23,,,,,22
CITMIG_2,Citizenship status of persons born overseas - Census,Australian citizen (%),,47.5,,,,,50.8
CITMIG_3,Citizenship status of persons born overseas - Census,Not an Australian citizen (%),,51.1,,,,,48.6
CITMIG_4,Citizenship status of persons born overseas - Census,Citizenship not stated (%),,1.6,,,,,0.3
RELMIG_2,Religious affiliation of persons born overseas - Census,Buddhism (%),,17.7,,,,,15.4
RELMIG_3,Religious affiliation of persons born overseas - Census,Christianity (%),,35.2,,,,,31.8
RELMIG_4,Religious affiliation of persons born overseas - Census,Hinduism (%),,0.5,,,,,1
RELMIG_5,Religious affiliation of persons born overseas - Census,Islam (%),,10.1,,,,,10.6
RELMIG_7,Religious affiliation of persons born overseas - Census,Other religion (%),,0.3,,,,,0.7
RELMIG_11,Religious affiliation of persons born overseas - Census,"Secular beliefs, other spiritual beliefs, no religion (%)",,18,,,,,22.8
RELMIG_9,Religious affiliation of persons born overseas - Census,Religious affiliation - inadequately described or not stated (%),,17.9,,,,,18.1
ENGMIG_2,English proficiency of persons born overseas - Census,Proficient in English (%),,68.4,,,,,71
ENGMIG_3,English proficiency of persons born overseas - Census,Not proficient in English (%),,15.8,,,,,13.5
ENGMIG_4,English proficiency of persons born overseas - Census,English proficiency not stated (%),,16,,,,,15.4
QUALMIG_2,Level of highest educational attainment of persons born overseas - Census,Postgraduate degree level (%),,1.9,,,,,
QUALMIG_3,Level of highest educational attainment of persons born overseas - Census,Graduate diploma and graduate certificate level (%),,0.7,,,,,
QUALMIG_4,Level of highest educational attainment of persons born overseas - Census,Bachelor degree level (%),,9.2,,,,,
QUALMIG_5,Level of highest educational attainment of persons born overseas - Census,Advanced diploma and diploma level (%),,7.9,,,,,
QUALMIG_6,Level of highest educational attainment of persons born overseas - Census,Certificate level (%),,15.7,,,,,
QUALMIG_7,Level of highest educational attainment of persons born overseas - Census,School education level (%),,38,,,,,
QUALMIG_8,Level of highest educational attainment of persons born overseas - Census,Education not stated (%),,21.7,,,,,
OCCMIG_2,Occupation of persons born overseas - Persons aged 15 years and over - Census,Managers (%),,13.7,,,,,
OCCMIG_3,Occupation of persons born overseas - Persons aged 15 years and over - Census,Professionals (%),,7.9,,,,,
OCCMIG_4,Occupation of persons born overseas - Persons aged 15 years and over - Census,Technicians and trades workers (%),,20.2,,,,,
OCCMIG_5,Occupation of persons born overseas - Persons aged 15 years and over - Census,Community and personal service workers (%),,12.9,,,,,
OCCMIG_6,Occupation of persons born overseas - Persons aged 15 years and over - Census,Clerical and administrative workers (%),,10.3,,,,,
OCCMIG_7,Occupation of persons born overseas - Persons aged 15 years and over - Census,Sales workers (%),,6.4,,,,,
OCCMIG_8,Occupation of persons born overseas - Persons aged 15 years and over - Census,Machinery operators and drivers (%),,8.1,,,,,
OCCMIG_9,Occupation of persons born overseas - Persons aged 15 years and over - Census,Labourers (%),,18.4,,,,,
OCCMIG_10,Occupation of persons born overseas - Persons aged 15 years and over - Census,Occupation inadequately described or not stated (%),,2.4,,,,,
OCCMIG_11,Occupation of persons born overseas - Persons aged 15 years and over - Census,Overseas born population aged 15 years and over (no.),,1399,,,,,
LFMIG_6,Labour force status of persons born overseas - Persons aged 15 years and over - Census,Employed (no.),,847,,,,,
LFMIG_3,Labour force status of persons born overseas - Persons aged 15 years and over - Census,Unemployed (no.),,19,,,,,
LFMIG_2,Labour force status of persons born overseas - Persons aged 15 years and over - Census,In the labour force (no.),,866,,,,,
LFMIG_5,Labour force status of persons born overseas - Persons aged 15 years and over - Census,Unemployment rate (%),,2.2,,,,,
LFMIG_4,Labour force status of persons born overseas - Persons aged 15 years and over - Census,Participation rate (%),,61.9,,,,,
LFMIG_11,Labour force status of persons born overseas - Persons aged 15 years and over - Census,Not in the labour force (%),,37.4,,,,,
LFMIG_12,Labour force status of persons born overseas - Persons aged 15 years and over - Census,Labour force status not stated (%),,0.9,,,,,
LFMIG_7,Labour force status of persons born overseas - Persons aged 15 years and over - Census,Overseas born population aged 15 years and over (no.),,1399,,,,,
INCMIG_2,Total personal income (weekly) of persons born overseas - Persons aged 15 years and over - Census,Persons earning $1-$499 per week (%),,20.9,,,,,19.8
INCMIG_3,Total personal income (weekly) of persons born overseas - Persons aged 15 years and over - Census,Persons earning $500-$999 per week (%),,21.8,,,,,22.5
INCMIG_4,Total personal income (weekly) of persons born overseas - Persons aged 15 years and over - Census,Persons earning $1000-$1999 per week (%),,23.4,,,,,25.1
INCMIG_5,Total personal income (weekly) of persons born overseas - Persons aged 15 years and over - Census,Persons earning $2000-$2999 per week (%),,5.9,,,,,7
INCMIG_6,Total personal income (weekly) of persons born overseas - Persons aged 15 years and over - Census,Persons earning $3000 or more per week (%),,2.1,,,,,2.1
INCMIG_7,Total personal income (weekly) of persons born overseas - Persons aged 15 years and over - Census,Persons earning nil income (%),,8,,,,,5
INCMIG_8,Total personal income (weekly) of persons born overseas - Persons aged 15 years and over - Census,Persons with a negative income (%),,0.6,,,,,1.9
INCMIG_9,Total personal income (weekly) of persons born overseas - Persons aged 15 years and over - Census,Income inadequately described or not stated (%),,17.9,,,,,17.2
LAND,Land area,Land area (ha),,,,,,,25574.2
PROTECTED_AREA_3,Protected land areas - year ended 30 June,National parks (no.),,4,,4,,4,
PROTECTED_AREA_5,Protected land areas - year ended 30 June,All other protected land areas (no.),,14,,14,,14,
PROTECTED_AREA_6,Protected land areas - year ended 30 June,Protected land areas (no.),,18,,18,,18,
PROTECTED_AREA_8,Protected land areas - year ended 30 June,National parks (ha),,14760,,14760,,14760,
PROTECTED_AREA_10,Protected land areas - year ended 30 June,All other protected land areas (ha),,73,,73,,73,
PROTECTED_AREA_11,Protected land areas - year ended 30 June,Protected land area (ha),,14833,,14833,,14833,
PROTECTED_AREA_13,Protected land areas - year ended 30 June,National parks (%),,57.7,,57.7,,57.7,
PROTECTED_AREA_15,Protected land areas - year ended 30 June,All other protected land areas (%),,0.3,,0.3,,0.3,
PROTECTED_AREA_16,Protected land areas - year ended 30 June,Protected land area (%),,58,,58,,58,
